<?xml version="1.0" encoding="ISO-8859-1"?>

<report name="CAM_AFS_00029" description="29 Siniestos - Base 50" category="Reportes Socio">

	<provider name="com.bnpparibas.cardif.reportweb.commons.service.provider.file.CSVFileProvider" />
	<provider name="com.bnpparibas.cardif.reportweb.commons.service.provider.jasper.PDFProvider" />

	<in>
		<parameter name="startDate" valuePattern="dd/MM/yyyy" type="STARTDATE" description="Fecha Inicio" required="true" />
		<parameter name="endDate" valuePattern="dd/MM/yyyy" type="ENDDATE" description="Fecha Fin" required="true" />
		<parameter name="socio" type="LIST" required="true" description="Socio" provider="pa.com.bnpparibas.cardif.reportweb.configuration.entity.parameter.provider.PartnerCollectionProvider3" />
	</in>

	<query>
		<value>
		SELECT DISTINCT CL.CLAIMNUMBER || CCOV.COVERNAMEINPUT AS LLAVE_SINIESTRO, CCTHP2.THIRDPARTYFULLNAMEINPUT AS SOCIO, 
		CL.CLAIMNUMBER AS SINIESTRO, 
		CASE CL.STATE
				WHEN 0 THEN 'OPEN'
				WHEN 1 THEN 'CLOSE'
				WHEN 2 THEN 'DENIED'
				WHEN 3 THEN 'CANCELED'
				WHEN 4 THEN 'REOPEN'
				WHEN 5 THEN 'PENDING'
				WHEN 6 THEN 'PAID'
				ELSE 'OTHER'
				END AS ESTADO_ACTUAL_SINIESTRO, (
				SELECT CASE SCOH.CLAIM_STATUS
						WHEN 0 THEN 'OPEN'
						WHEN 1 THEN 'CLOSE'
						WHEN 2 THEN 'DENIED'
						WHEN 3 THEN 'CANCELED'
						WHEN 4 THEN 'REOPEN'
						WHEN 5 THEN 'PENDING'
						WHEN 6 THEN 'PAID'
						ELSE 'OTHER' END
				FROM BRAXTS_CFG.STCL_CLAIMOPERATIONHISTORY SCOH
				WHERE SCOH.cla_id = CL.CLAIMID
					AND SCOH.COH_AUDITDATE = CLRA.DATECLAIMRESERVEADJUSTID
				) AS ESTADO_SINIESTRO_MOVIMIENTO, 
				NP.FIRSTNAMEINPUT AS PRIMER_NOMBRE, 
				NP.MIDDLENAMEINPUT AS SEGUNDO_NOMBRE, 
				NP.SURNAMEINPUT AS PRIMER_APELLIDO, 
				NP.MOTHERNAMEINPUT AS SEGUNDO_APELLIDO, 
				THI.THIRDPARTYNBINPUT AS DOC_ASEGURADO, 
				CCOV.COVERNAMEINPUT AS COBERTURA, 
				CCOV.COVERBUSINESSLINECODEINPUT AS COD_RAMO, 
				PDCO.POD_POLICYNUMBER AS NRO_CERTIFICADO, 
				STPS.PST_OPERATIONDATE AS FECHA_MOVIMIENTO, 
				((PO.AMOUNT)/2) AS VLR_MOVIMIENTO,
				'PAGO' AS TIPO_MOVIMIENTO, 'PAGO CUOTA' || PO2.ALTURA AS CONCEPTO_PAGO, 
				NP.BIRTHDATEINPUT AS FECHA_NACIMIENTO, 
				CCOV.COVERBUSINESSLINENAMEINPUT AS NOMBRE_RAMO, 
				CLD.CLAIMDECLARATIONDATEINPUT AS FECHA_DECLARACION, 
				CLD.DECLARATIONRECPTNDATEINPUT AS FECHA_AVISO_A_CARDIF, 
				TO_CHAR(STD.CLD_OCCURRENCEDATE, 'DD/MM/YY HH:MM:SS') AS FECHA_OCURRENCIA_SINIESTRO, 
				CASE 
				WHEN TD01.ORIGINEVENTTYPEINPUT IS NOT NULL THEN TD01.ORIGINEVENTTYPEINPUT
				WHEN TD02.ORIGINEVENTTYPEINPUT IS NOT NULL THEN TD02.ORIGINEVENTTYPEINPUT
				WHEN TD03.ORIGINEVENTTYPEINPUT IS NOT NULL THEN TD03.ORIGINEVENTTYPEINPUT
				WHEN TD04.ORIGINEVENTTYPEINPUT IS NOT NULL THEN TD04.ORIGINEVENTTYPEINPUT
				WHEN TD05.ORIGINEVENTTYPEINPUT IS NOT NULL THEN TD05.ORIGINEVENTTYPEINPUT
				WHEN TD06.ORIGINEVENTTYPEINPUT IS NOT NULL THEN TD06.ORIGINEVENTTYPEINPUT
				WHEN TD07.ORIGINEVENTTYPEINPUT IS NOT NULL THEN TD07.ORIGINEVENTTYPEINPUT
				WHEN TD08.ORIGINEVENTTYPEINPUT IS NOT NULL THEN TD08.ORIGINEVENTTYPEINPUT
				WHEN TD09.ORIGINEVENTTYPEINPUT IS NOT NULL THEN TD09.ORIGINEVENTTYPEINPUT
				WHEN TD10.ORIGINEVENTTYPEINPUT IS NOT NULL THEN TD10.ORIGINEVENTTYPEINPUT
				WHEN TD11.ORIGINEVENTTYPEINPUT IS NOT NULL THEN TD11.ORIGINEVENTTYPEINPUT
				WHEN TD12.ORIGINEVENTTYPEINPUT IS NOT NULL THEN TD12.ORIGINEVENTTYPEINPUT
				ELSE 'OTHER' END AS DESCRIPCION_CAUSA_SINIESTRO, 
				TO_CHAR(PDCO.INITIALDATE, 'DD/MM/YY HH:MM:SS') AS FECDESEM, 
				NULL AS CAUSALOBJECION, 
				CL.CLAIMNUMBER || CCOV.COVERNAMEINPUT || 'PAGO' AS LLAVE, 
				CLRA2.AMOUNT AS RESERVA_INICIAL, 
				PO2.ALTURA AS ALTURA_PAGO, 
				TO_CHAR(SYSDATE,'DD/MM/YY HH:MM:SS') AS FECHA_REPORTE				
		FROM BRAXTS_CFG.CLAIM CL
		INNER JOIN BRAXTS_CFG.CLAIMRISKUNIT CLRU ON CLRU.CLAIMID = CL.CLAIMID
		INNER JOIN BRAXTS_CFG.CLAIMINSURANCEOBJECT CLIO ON CLIO.CLAIMRISKUNITID = CLRU.CLAIMRISKUNITID
		INNER JOIN BRAXTS_CFG.CLAIMNORMALRESERVE CLNR ON CLNR.CLAIMINSURANCEOBJECTID = CLIO.CLAIMINSURANCEOBJECTID
		INNER JOIN BRAXTS_CFG.STCL_CLAIMRESERVEBENEFIT STCLRB ON STCLRB.CNR_ID = CLNR.CLAIMNORMALRESERVEDID
		INNER JOIN BRAXTS_CFG.PAYMENTORDER PO ON PO.CRBF_ID = STCLRB.CRBF_ID
		INNER JOIN (
			SELECT PO2.*, ROW_NUMBER() OVER (
					PARTITION BY FKRESERVE ORDER BY DATEPAYMENTORDER ASC
					) AS ALTURA
			FROM BRAXTS_CFG.PAYMENTORDER PO2
			) PO2 ON PO2.FKRESERVE = PO.FKRESERVE
			AND PO2.PAYMENTORDERID = PO.PAYMENTORDERID
		INNER JOIN BRAXTS_CFG.STCL_PAYMENTSTATE STPS ON STPS.POR_ID = PO.PAYMENTORDERID
		INNER JOIN BRAXTS_CFG.CCOXTPCOVERAGE CCOV ON CCOV.STATIC = CLNR.EVALUATEDCOVERAGEID
		INNER JOIN BRAXTS_CFG.INSURANCEOBJECTPARTICIPATION IOP ON IOP.AGREGATEDINSURANCEOBJECTID = CLIO.AGREGATEDINSURANCEOBJECTID
		INNER JOIN BRAXTS_CFG.PARTICIPATIONVERSIONINSURANCE PVI ON PVI.AGREGATEDOBJECTID = IOP.PARTICIPATIONID
		INNER JOIN BRAXTS_CFG.CCOPTPTHIRDPARTY THI ON THI.STATIC = PVI.THIRDPARTYID
		INNER JOIN BRAXTS_CFG.NATURALPERSON NP ON THI.STATIC = NP.STATIC
		INNER JOIN BRAXTS_CFG.AGREGATEDPOLICY AGP ON CL.POLICYID = AGP.AGREGATEDPOLICYID
		INNER JOIN BRAXTS_CFG.AGREGATEDPOLICYTYPE AGPT ON AGPT.PRODUCTID = AGP.PRODUCTID
		INNER JOIN BRAXTS_CFG.STPS_CONFROLETHIRDPARTY SCRTP ON SCRTP.CRTP_CONTAINERID = AGPT.AGREGATEDPOLICYID
		INNER JOIN BRAXTS_CFG.CCOPTPTHIRDPARTY CCTHP2 ON CCTHP2.STATIC = SCRTP.TPT_ID
		INNER JOIN BRAXTS_CFG.POLICYDCO PDCO ON PDCO.OPERATIONPK = AGP.OPERATIONPK
		INNER JOIN BRAXTS_CFG.STCL_DECLARATION STD ON CL.CLD_ID = STD.CLD_ID
		INNER JOIN BRAXTS_CFG.CCOXTPCLAIMDECLARATION CLD ON CLD.PK = STD.DCO_ID
		LEFT JOIN BRAXTS_CFG.CLAIMRESERVEADJUST CLRA ON CLRA.CLAIMRESERVEID = CLNR.CLAIMNORMALRESERVEDID
		LEFT JOIN BRAXTS_CFG.CLAIMRESERVEADJUST CLRA2 ON CLRA2.CLAIMRESERVEID = CLNR.CLAIMNORMALRESERVEDID
			AND CLRA2.TYPE = 'INITIAL'
		LEFT JOIN BRAXTS_CFG.CCOXTPDEATHEVT TD01 ON TD01.STATIC = CL.CLD_ID
		LEFT JOIN BRAXTS_CFG.CCOXTPDISABILITYEVT TD02 ON TD02.STATIC = CL.CLD_ID
		LEFT JOIN BRAXTS_CFG.CCOXTPUNEMPLOYMENTEVT TD03 ON TD03.STATIC = CL.CLD_ID
		LEFT JOIN BRAXTS_CFG.CCOXTPHOSPITALIZATIONEVT TD04 ON TD04.STATIC = CL.CLD_ID
		LEFT JOIN BRAXTS_CFG.CCOXTPFRAUDULENTUSEEVT TD05 ON TD05.STATIC = CL.CLD_ID
		LEFT JOIN BRAXTS_CFG.CCOXTPROBBERYEVT TD06 ON TD06.STATIC = CL.CLD_ID
		LEFT JOIN BRAXTS_CFG.CCOXTPDREADDISEASEEVT TD07 ON TD07.STATIC = CL.CLD_ID
		LEFT JOIN BRAXTS_CFG.CCOXTPFIRELGHTNGEXPLSNEVT TD08 ON TD08.STATIC = CL.CLD_ID
		LEFT JOIN BRAXTS_CFG.CCOXTPEXTENDEDWARRANTYEVT TD09 ON TD09.STATIC = CL.CLD_ID
		LEFT JOIN BRAXTS_CFG.CCOXTPGAPEVT TD10 ON TD10.STATIC = CL.CLD_ID
		LEFT JOIN BRAXTS_CFG.CCOXTPEVENTSLIFEEVT TD11 ON TD11.STATIC = CL.CLD_ID
		LEFT JOIN BRAXTS_CFG.CCOXTPPHYSICALDAMAGEEVT TD12 ON TD12.STATIC = CL.CLD_ID
		WHERE TO_CHAR(TO_DATE(STPS.PST_OPERATIONDATE, 'dd/MM/yyyy')) BETWEEN (:startDate) AND (:endDate)
			AND CCTHP2.STATIC = :socio
		
		UNION
		
		SELECT DISTINCT CL.CLAIMNUMBER || CCOV.COVERNAMEINPUT AS LLAVE_SINIESTRO, CCTHP2.THIRDPARTYFULLNAMEINPUT AS SOCIO, CL.CLAIMNUMBER 
			AS SINIESTRO, CASE CL.STATE
				WHEN 0 THEN 'OPEN'
				WHEN 1 THEN 'CLOSE'
				WHEN 2 THEN 'DENIED'
				WHEN 3 THEN 'CANCELED'
				WHEN 4 THEN 'REOPEN'
				WHEN 5 THEN 'PENDING'
				WHEN 6 THEN 'PAID'
				ELSE 'OTHER'
				END AS ESTADO_ACTUAL_SINIESTRO, (
				SELECT CASE SCOH.CLAIM_STATUS
						WHEN 0 THEN 'OPEN'
						WHEN 1 THEN 'CLOSE'
						WHEN 2 THEN 'DENIED'
						WHEN 3 THEN 'CANCELED'
						WHEN 4 THEN 'REOPEN'
						WHEN 5 THEN 'PENDING'
						WHEN 6 THEN 'PAID'
						ELSE 'OTHER' END
				FROM BRAXTS_CFG.STCL_CLAIMOPERATIONHISTORY SCOH
				WHERE SCOH.CLA_ID = CL.CLAIMID
					AND SCOH.COH_AUDITDATE = CLRA.DATECLAIMRESERVEADJUSTID) AS ESTADO_SINIESTRO_MOVIMIENTO, 
					NP.FIRSTNAMEINPUT AS PRIMER_NOMBRE, 
					NP.MIDDLENAMEINPUT AS SEGUNDO_NOMBRE, 
					NP.SURNAMEINPUT AS PRIMER_APELLIDO, 
					NP.MOTHERNAMEINPUT AS SEGUNDO_APELLIDO, 
					THI.THIRDPARTYNBINPUT AS DOC_ASEGURADO, 
					CCOV.COVERNAMEINPUT AS COBERTURA, 
					CCOV.COVERBUSINESSLINECODEINPUT AS COD_RAMO, 
					PDCO.POD_POLICYNUMBER AS NRO_CERTIFICADO, 
					CLRA.DATECLAIMRESERVEADJUSTID AS FECHA_MOVIMIENTO, 
					((CLRA.AMOUNT)/2) AS VLR_MOVIMIENTO, 
					CLRA.TYPE || 'RESERVE' AS TIPO_MOVIMIENTO, 
					NULL AS	CONCEPTO_PAGO, 
					NP.BIRTHDATEINPUT AS FECHA_NACIMIENTO, 
					CCOV.COVERBUSINESSLINENAMEINPUT AS NOMBRE_RAMO, 
					CLD.CLAIMDECLARATIONDATEINPUT AS FECHA_DECLARACION,
					CLD.DECLARATIONRECPTNDATEINPUT AS FECHA_AVISO_A_CARDIF, 
					TO_CHAR(STD.CLD_OCCURRENCEDATE, 'DD/MM/YY HH:MM:SS') AS FECHA_OCURRENCIA_SINIESTRO, 
					CASE WHEN TD01.ORIGINEVENTTYPEINPUT IS NOT NULL THEN TD01.ORIGINEVENTTYPEINPUT
				WHEN TD02.ORIGINEVENTTYPEINPUT IS NOT NULL THEN TD02.ORIGINEVENTTYPEINPUT
				WHEN TD03.ORIGINEVENTTYPEINPUT IS NOT NULL THEN TD03.ORIGINEVENTTYPEINPUT
				WHEN TD04.ORIGINEVENTTYPEINPUT IS NOT NULL THEN TD04.ORIGINEVENTTYPEINPUT
				WHEN TD05.ORIGINEVENTTYPEINPUT IS NOT NULL THEN TD05.ORIGINEVENTTYPEINPUT
				WHEN TD06.ORIGINEVENTTYPEINPUT IS NOT NULL THEN TD06.ORIGINEVENTTYPEINPUT
				WHEN TD07.ORIGINEVENTTYPEINPUT IS NOT NULL THEN TD07.ORIGINEVENTTYPEINPUT
				WHEN TD08.ORIGINEVENTTYPEINPUT IS NOT NULL THEN TD08.ORIGINEVENTTYPEINPUT
				WHEN TD09.ORIGINEVENTTYPEINPUT IS NOT NULL THEN TD09.ORIGINEVENTTYPEINPUT
				WHEN TD10.ORIGINEVENTTYPEINPUT IS NOT NULL THEN TD10.ORIGINEVENTTYPEINPUT
				WHEN TD11.ORIGINEVENTTYPEINPUT IS NOT NULL THEN TD11.ORIGINEVENTTYPEINPUT	
				WHEN TD12.ORIGINEVENTTYPEINPUT IS NOT NULL THEN TD12.ORIGINEVENTTYPEINPUT
				ELSE 'OTHER' END AS DESCRIPCION_CAUSA_SINIESTRO, 
				TO_CHAR(PDCO.INITIALDATE, 'DD/MM/YY HH:MM:SS') AS FECDESEM, 
				NULL AS CAUSALOBJECION, 
				CL.CLAIMNUMBER || CCOV.COVERNAMEINPUT || CLRA.TYPE AS LLAVE, 
				CLRA2.AMOUNT AS RESERVA_INICIAL, 
				NULL AS ALTURA_PAGO,
				TO_CHAR(SYSDATE,'DD/MM/YY HH:MM:SS') AS FECHA_REPORTE
		FROM BRAXTS_CFG.CLAIM CL
		INNER JOIN BRAXTS_CFG.CLAIMRISKUNIT CLRU ON CLRU.CLAIMID = CL.CLAIMID
		INNER JOIN BRAXTS_CFG.CLAIMINSURANCEOBJECT CLIO ON CLIO.CLAIMRISKUNITID = CLRU.CLAIMRISKUNITID
		INNER JOIN BRAXTS_CFG.CLAIMNORMALRESERVE CLNR ON CLNR.CLAIMINSURANCEOBJECTID = CLIO.CLAIMINSURANCEOBJECTID
		INNER JOIN BRAXTS_CFG.CCOXTPCOVERAGE CCOV ON CCOV.STATIC = CLNR.EVALUATEDCOVERAGEID
		INNER JOIN BRAXTS_CFG.INSURANCEOBJECTPARTICIPATION IOP ON IOP.AGREGATEDINSURANCEOBJECTID = CLIO.AGREGATEDINSURANCEOBJECTID
		INNER JOIN BRAXTS_CFG.PARTICIPATIONVERSIONINSURANCE PVI ON PVI.AGREGATEDOBJECTID = IOP.PARTICIPATIONID
		INNER JOIN BRAXTS_CFG.CCOPTPTHIRDPARTY THI ON THI.STATIC = PVI.THIRDPARTYID
		INNER JOIN BRAXTS_CFG.NATURALPERSON NP ON THI.STATIC = NP.STATIC
		INNER JOIN BRAXTS_CFG.AGREGATEDPOLICY AGP ON CL.POLICYID = AGP.AGREGATEDPOLICYID
		INNER JOIN BRAXTS_CFG.AGREGATEDPOLICYTYPE AGPT ON AGPT.PRODUCTID = AGP.PRODUCTID
		INNER JOIN BRAXTS_CFG.STPS_CONFROLETHIRDPARTY SCRTP ON SCRTP.CRTP_CONTAINERID = AGPT.AGREGATEDPOLICYID
		INNER JOIN BRAXTS_CFG.CCOPTPTHIRDPARTY CCTHP2 ON CCTHP2.STATIC = SCRTP.TPT_ID
		INNER JOIN BRAXTS_CFG.POLICYDCO PDCO ON PDCO.OPERATIONPK = AGP.OPERATIONPK
		INNER JOIN BRAXTS_CFG.STCL_DECLARATION STD ON CL.CLD_ID = STD.CLD_ID
		INNER JOIN BRAXTS_CFG.CCOXTPCLAIMDECLARATION CLD ON CLD.PK = STD.DCO_ID
		LEFT JOIN BRAXTS_CFG.CLAIMRESERVEADJUST CLRA ON CLRA.CLAIMRESERVEID = CLNR.CLAIMNORMALRESERVEDID
		LEFT JOIN BRAXTS_CFG.CLAIMRESERVEADJUST CLRA2 ON CLRA2.CLAIMRESERVEID = CLNR.CLAIMNORMALRESERVEDID
			AND CLRA2.TYPE = 'INITIAL'
		LEFT JOIN BRAXTS_CFG.CCOXTPDEATHEVT TD01 ON TD01.STATIC = CL.CLD_ID
		LEFT JOIN BRAXTS_CFG.CCOXTPDISABILITYEVT TD02 ON TD02.STATIC = CL.CLD_ID
		LEFT JOIN BRAXTS_CFG.CCOXTPUNEMPLOYMENTEVT TD03 ON TD03.STATIC = CL.CLD_ID
		LEFT JOIN BRAXTS_CFG.CCOXTPHOSPITALIZATIONEVT TD04 ON TD04.STATIC = CL.CLD_ID
		LEFT JOIN BRAXTS_CFG.CCOXTPFRAUDULENTUSEEVT TD05 ON TD05.STATIC = CL.CLD_ID
		LEFT JOIN BRAXTS_CFG.CCOXTPROBBERYEVT TD06 ON TD06.STATIC = CL.CLD_ID
		LEFT JOIN BRAXTS_CFG.CCOXTPDREADDISEASEEVT TD07 ON TD07.STATIC = CL.CLD_ID
		LEFT JOIN BRAXTS_CFG.CCOXTPFIRELGHTNGEXPLSNEVT TD08 ON TD08.STATIC = CL.CLD_ID
		LEFT JOIN BRAXTS_CFG.CCOXTPEXTENDEDWARRANTYEVT TD09 ON TD09.STATIC = CL.CLD_ID
		LEFT JOIN BRAXTS_CFG.CCOXTPGAPEVT TD10 ON TD10.STATIC = CL.CLD_ID
		LEFT JOIN BRAXTS_CFG.CCOXTPEVENTSLIFEEVT TD11 ON TD11.STATIC = CL.CLD_ID
		LEFT JOIN BRAXTS_CFG.CCOXTPPHYSICALDAMAGEEVT TD12 ON TD12.STATIC = CL.CLD_ID
		WHERE TO_CHAR(TO_DATE(CLRA.DATECLAIMRESERVEADJUSTID, 'dd/MM/yyyy')) BETWEEN (:startDate) AND (:endDate)
			AND CCTHP2.STATIC = :socio
		</value>
	</query>

	<persistence>
		<repository>STRP_SINI_BASE</repository>
	</persistence>
</report>