<?xml version="1.0" encoding="ISO-8859-1"?>

<report name="CAM_AFS_00022" description="22 P�lizas vigentes a la fecha" category="General">
		
	<provider name="com.bnpparibas.cardif.reportweb.commons.service.provider.file.CSVFileProvider" />
		
	<in>
		<parameter name="socio" type="LIST" required="true" description="Socio" provider="com.bnpparibas.cardif.reportweb.configuration.entity.parameter.provider.PartnerCollectionProvider" />
	</in>

	<query>
		<value>
			SELECT DISTINCT          
	            PDCO.POD_POLICYNUMBER AS POLIZA,     
	            case pdco.event     
	            when 'Activate policy subscription request after creation' then 'Emision'    
	            when 'Renew cover or policy' then 'Renovada'    
	            when 'Generate periodic premium billing' then 'Periodica' end     
	            AS ESTADO,     
	            CP.PRODUCTLEGALREGSTRTNNBINPUT AS PRODUCTO,     
	            TO_CHAR(PDCO.auditdate,'YYYY-MM-DD') AS FECHA_EJECUCION,     
	            TO_CHAR(PDCO.INITIALDATE,'YYYY-MM-DD') AS INICIO_VIGENCIA,     
	            TO_CHAR(PDCO.FINISHDATE,'YYYY-MM-DD') AS FIN_VIGENCIA,     
	            CCTHP3.THIRDPARTYFULLNAMEINPUT AS NOMBRE,     
	            CCTHP3.THIRDPARTYNBINPUT AS DOCUMENTO,     
	            TO_CHAR(CCPOL.POLLASTPREMBILLNGDATEINPUT,'YYYY-MM-DD') AS FEC_INI_ULTIMO_MOV,     
	            TO_CHAR(CCPOL.NEXTPREMIUMBILLINGDATEINPUT,'YYYY-MM-DD') AS FEC_FIN_ULTIMO_MOV,     
	            nvl((case CCTHP2.STATIC WHEN 11135605 THEN (OP.AMOUNT/2) ELSE OP.AMOUNT END),0) AS VALOR_PRIMA_CON_IVA,      
                CCPOL.PLANOPTIONTYPEVALUE AS PLAN_NUM
            FROM AGREGATEDPOLICY AGP       
			INNER JOIN CCOPTPPRODUCT CP ON CP.STATIC=agp.PRODUCTID    
			INNER JOIN POLICYDCO PDCO ON AGP.OPERATIONPK = PDCO.OPERATIONPK      
			INNER JOIN STATE ST ON ST.STATEID = PDCO.STATEID AND ST.DESCRIPTION = 'In force'     
			INNER JOIN CCOPTPPOLICY CCPOL ON CCPOL.PK = PDCO.DCOID     
			INNER JOIN EVENTDCO EVDCO ON EVDCO.OPERATIONPK = PDCO.OPERATIONPK     
			INNER JOIN EVENTTYPE EVTYPE ON EVTYPE.EVENTTYPEID = EVDCO.EVENTTYPEID     
			LEFT JOIN  OPENITEM OP ON OP.OPERATIONPK = PDCO.OPERATIONPK AND OP.DTY_ID IN (513)     
			INNER JOIN AGREGATEDPOLICYTYPE AGPT ON AGPT.PRODUCTID = AGP.PRODUCTID     
			INNER JOIN STPS_CONFROLETHIRDPARTY SCRTP ON SCRTP.CRTP_CONTAINERID = AGPT.AGREGATEDPOLICYID     
			INNER JOIN PARTICIPATIONVERSION PV ON PV.AGREGATEDPARENTID = PDCO.AGREGATEDOBJECTID     
			INNER JOIN PARTICIPATIONVERSIONINSURANCE PVI ON PVI.OPERATIONPK = PDCO.OPERATIONPK     
			INNER JOIN CCOPTPTHIRDPARTY CCTHP ON CCTHP.STATIC = PV.THIRDPARTYID     
			INNER JOIN CCOPTPTHIRDPARTY CCTHP3 ON CCTHP3.STATIC = PVI.THIRDPARTYID     
			INNER JOIN CCOPTPTHIRDPARTY CCTHP2 ON CCTHP2.STATIC = SCRTP.TPT_ID     
			LEFT JOIN  VW_TP_NETPREMIUMAMNT NT ON NT.OPERATIONPK=AGP.OPERATIONPK    
			WHERE 1 = 1
		        and CCTHP2.STATIC = :socio  
		        and pdco.status=2  
			ORDER BY PRODUCTO, ESTADO, INICIO_VIGENCIA, POLIZA
		</value>
	</query>

	<persistence>
		<repository>STRP_VIGENCIA_FECHA</repository>
	</persistence>
</report>