<?xml version="1.0" encoding="ISO-8859-1"?>

<report name="CAM_AFS_00036" description="36 Reporte Renovacion Detalle" 
		category="Reportes de Gesti�n de Certificados">

	<provider
		name="com.bnpparibas.cardif.reportweb.commons.service.provider.file.DefaultFileReportProvider" />

	<in>
		<parameter name="fechainicio" valuePattern="dd/mm/yyyy" type="DATE" required="true" description="Fecha Inicio:" />
		<parameter name="fechafin" valuePattern="dd/mm/yyyy" type="DATE" required="true" description="Fecha Fin:" />
		<parameter name="nombrePrd" type="TEXT" required="false" description="Codigo del Producto" />
		<parameter name="reportType" type="LIST" required="true" description="Formato"
		provider="com.bnpparibas.cardif.reportweb.configuration.entity.parameter.provider.ReportTypeCollectionProvider" />
	</in>

	<query>
		<value>
			<![CDATA[
			select 
			prd.PRODUCTLEGALREGSTRTNNBINPUT COD_CONTABLE,
			pd.description Nombre_Producto,
			pdco.POD_POLICYNUMBER NumeroCertificado, 
			pdco.initialdate FECHA_INICIO,
			pdco.finishdate FECHA_FIN,
			pol1.POLLASTPREMBILLNGDATEINPUT ULTIMO_MOVIMIENTO,
			pol1.NEXTPREMIUMBILLINGDATEINPUT SIGUIENTE_MOVIMIENTO,
			case when pol1.NEXTPREMIUMBILLINGDATEINPUT = pdco.FINISHDATE then 'Para renovar' 
			else 'Faltan periodicas' end as Resultado,
			PL.DESCRIPTION PLAN  
			from BRAXTS_CFG.AGREGATEDPOLICY ap
			inner join braxts_cfg.policydco pdco on pdco.operationpk = ap.operationpk and pdco.status=2 and pdco.finishdate between :fechainicio and :fechafin
			inner join braxts_cfg.ccoptppolicy pol1 on pol1.pk = pdco.dcoid and pol1.NEXTPREMIUMBILLINGDATEINPUT = pdco.FINISHDATE
			inner join braxts_cfg.state st on st.stateid = pdco.stateid  and upper(st.description) ='IN FORCE'
			inner join BRAXTS_CFG.PRODUCT pd on pd.productid = ap.productid
			inner join braxts_cfg.ccoptpproduct prd on prd.static = ap.productid
			inner join BRAXTS_CFG.AGREGATEDPOLICYTYPE apt on ap.PRODUCTID = APT.PRODUCTID
			inner join BRAXTS_CFG.STPS_CONFROLETHIRDPARTY cftp on cftp.CRTP_CONTAINERID = apt.AGREGATEDPOLICYID and cftp.ROL_ID=120
			inner join braxts_cfg.ccoptpthirdparty tp on tp.static = cftp.TPT_ID
			inner join braxts_cfg.insuranceobjectdco idco on idco.operationpk = pdco.operationpk
			inner join braxts_cfg.plan pl on pl.planid = idco.planid 
			where prd.PRODUCTAUTORNWALINDICINPUT = 1 
			 :codigo_contable_condicion
			 ]]>
		</value>
		<conditions>
			<condition name="codigo_contable_condicion"
				notNullAndNotEmpty="nombrePrd">
				<value> and prd.PRODUCTLEGALREGSTRTNNBINPUT= :nombrePrd </value>
			</condition>

		</conditions>
	</query>

	<persistence>
		<repository>strp_policies_to_gen_ren_det</repository>
	</persistence>
</report>