<?xml version="1.0" encoding="ISO-8859-1"?>

<report name="CAM_AFS_00030" description="30 Respuesta Emisiones Txt" category="Reportes Socio Internos">

	<provider name="pa.com.bnpparibas.cardif.reportweb.service.provider.fileProvider.ReporteArchivosRespuestaGlobalBank" />

	<in>
		<parameter name="id" type="TEXT" required="true" description="Id Upload : " />
	</in>

	<query>
		<value>
		WITH REPORT_A AS (
		SELECT
			UPLD_OPR_COD	AS	TIPO_MOVIMIENTO,           	
			UPLD_PRD_COD	AS	CODIGO_PRODUCTO,				
			CASE NVL(UPLD_CRD_NBR,'0')
       			WHEN '0' THEN UPLD_AUX_FLD_26 
       			ELSE UPLD_CRD_NBR END AS CODIGO_UNICO_PRODUCTO,
       		UPLD_AUX_FLD_01 AS  NUMERO_PRODUCTO,
			UPLD_AUX_FLD_02 AS  ID_CLIENTE,
			UPLD_AUX_FLD_03 AS  TIPO_DOCUMENTO,
			UPLD_AUX_FLD_04 AS  NUMERO_DOCUMENTO_IDENTIDAD,
			UPLD_AUX_FLD_05 AS  PRIMER_APELLIDO,
			UPLD_AUX_FLD_06 AS  SEGUNDO_APELLIDO,
			UPLD_AUX_FLD_07 AS  APELLIDO_CASADA,
			UPLD_NME 		AS	PRIMER_NOMBRE,
			UPLD_AUX_FLD_08 AS  SEGUNDO_NOMBRE,
			TO_CHAR(UPLD_BTH_DT, 'DDMMYYYY') AS FECHA_NACIMIENTO,
      		TO_CHAR(UPLD_EFF_DT, 'DDMMYYYY') AS FECHA_INICIO_VIGENCIA,
      		TO_CHAR(UPLD_EXP_DT, 'DDMMYYYY') AS FECHA_FIN_VIGENCIA,
			UPLD_TAX_VL 	AS	PRIMA_BRUTA,
			UPLD_PRM_VL 	AS	PRIMA_NETA,
			UPLD_AMT_INS_VL AS	VALOR_ASEGURADO,
			UPLD_AUX_FLD_23 AS	FECHA_CONTABLE,
			UPLD_AMT_DBT 	AS	VALOR_CREDITO,
			UPLD_INT_VL 	AS	VALOR_CUOTA_CREDITO,
			UPLD_INT_QTY 	AS	PLAZO_CREDITO,
			UPLD_INT_PND_QTY AS	PLAZO_SEGURO,
			UPLD_CRD_TYP	AS	FRANQUICIA_TARJETA_CREDITO,
			UPLD_PKG_COD	AS	CODIGO_PLAN,
			UPLD_AUX_FLD_09	AS	TIPO_PRIMA,
			UPLD_MAIL		AS	EMAIL,
			UPLD_GDR_COD	AS	SEXO,
			UPLD_AUX_FLD_10	AS	DIRECCION_RESIDENCIA,
			UPLD_ZIP		AS	CODIGO_CIUDAD_RESIDENCIA,
			UPLD_AUX_FLD_11	AS	CIUDAD_RESIDENCIA,
			UPLD_AUX_FLD_12	AS	TELEFONO,
			UPLD_AUX_FLD_13	AS	CELULAR,
			UPLD_AUX_FLD_14	AS	PROFESION,
			UPLD_AUX_FLD_15	AS	REGION,
			UPLD_AUX_FLD_16	AS	SUCURSAL,
			UPLD_CTY		AS	CIUDAD,
			UPLD_AUX_FLD_17 AS  CANAL_DE_VENTA,
			UPLD_AUX_FLD_18 AS  OFICINA,
			UPLD_AUX_FLD_19 AS  NOMBRE_APELLIDO_ASESOR,
			UPLD_AUX_FLD_20 AS  DOCUMENTO_ASESOR,
			UPLD_AUX_FLD_21 AS  CODIGO_ASESOR,
			UPLD_AUX_FLD_22 AS  PAIS_ASEGURADO,
			UPLD_AUX_FLD_24 AS  NACIONALIDAD_ASEGURADO,				
			UPLD_ERR_NME	AS	RESULTADO
			FROM UPLOAD.LIFE_UPL  A , UPLOAD.LIFE_FLE_PRC  B       
				WHERE A.FILEPRC_ID = :id
				AND A.FILEPRC_ID = B.FILEPRC_ID),
			
		REPORT_B AS (
		SELECT
		TIPO_MOVIMIENTO,           
		CODIGO_PRODUCTO,
		CODIGO_UNICO_PRODUCTO,
		NUMERO_PRODUCTO,
		ID_CLIENTE,
		TIPO_DOCUMENTO,
		NUMERO_DOCUMENTO_IDENTIDAD,
		PRIMER_APELLIDO,
		SEGUNDO_APELLIDO,
		APELLIDO_CASADA,
		PRIMER_NOMBRE,
		SEGUNDO_NOMBRE,
		FECHA_NACIMIENTO,
		FECHA_INICIO_VIGENCIA,
		FECHA_FIN_VIGENCIA,
		PRIMA_BRUTA,
		PRIMA_NETA,
		VALOR_ASEGURADO,
		FECHA_CONTABLE,
		VALOR_CREDITO,
		VALOR_CUOTA_CREDITO,
		PLAZO_CREDITO,
		PLAZO_SEGURO,
		FRANQUICIA_TARJETA_CREDITO,
		CODIGO_PLAN,
		TIPO_PRIMA,
		EMAIL,
		SEXO,
		DIRECCION_RESIDENCIA,
		CODIGO_CIUDAD_RESIDENCIA,
		CIUDAD_RESIDENCIA,
		TELEFONO,
		CELULAR,
		PROFESION,
		REGION,
		SUCURSAL,
		CIUDAD,
		CANAL_DE_VENTA,
		OFICINA,
		NOMBRE_APELLIDO_ASESOR,
		DOCUMENTO_ASESOR,
		CODIGO_ASESOR,
		PAIS_ASEGURADO,
		NACIONALIDAD_ASEGURADO,
		RESULTADO
			FROM REPORT_A)
		
		SELECT
		(LTRIM(RTRIM(TIPO_MOVIMIENTO)) ||';'||
		LTRIM(RTRIM(CODIGO_PRODUCTO)) ||';'||
		LTRIM(RTRIM(CODIGO_UNICO_PRODUCTO)) ||';'||
		LTRIM(RTRIM(NUMERO_PRODUCTO)) ||';'||
		LTRIM(RTRIM(ID_CLIENTE)) ||';'||
		LTRIM(RTRIM(TIPO_DOCUMENTO)) ||';'||
		LTRIM(RTRIM(NUMERO_DOCUMENTO_IDENTIDAD)) ||';'||
		LTRIM(RTRIM(PRIMER_APELLIDO)) ||';'||
		LTRIM(RTRIM(SEGUNDO_APELLIDO)) ||';'||
		LTRIM(RTRIM(APELLIDO_CASADA)) ||';'||
		LTRIM(RTRIM(PRIMER_NOMBRE)) ||';'||
		LTRIM(RTRIM(SEGUNDO_NOMBRE)) ||';'||
		LTRIM(RTRIM(FECHA_NACIMIENTO)) ||';'||
		LTRIM(RTRIM(FECHA_INICIO_VIGENCIA)) ||';'||
		LTRIM(RTRIM(FECHA_FIN_VIGENCIA)) ||';'||
		LTRIM(RTRIM(PRIMA_BRUTA)) ||';'||
		LTRIM(RTRIM(PRIMA_NETA)) ||';'||
		LTRIM(RTRIM(VALOR_ASEGURADO)) ||';'||
		LTRIM(RTRIM(FECHA_CONTABLE)) ||';'||
		LTRIM(RTRIM(VALOR_CREDITO)) ||';'||
		LTRIM(RTRIM(VALOR_CUOTA_CREDITO)) ||';'||
		LTRIM(RTRIM(PLAZO_CREDITO)) ||';'||
		LTRIM(RTRIM(PLAZO_SEGURO)) ||';'||
		LTRIM(RTRIM(FRANQUICIA_TARJETA_CREDITO)) ||';'||
		LTRIM(RTRIM(CODIGO_PLAN)) ||';'||
		LTRIM(RTRIM(TIPO_PRIMA)) ||';'||
		LTRIM(RTRIM(EMAIL)) ||';'||
		LTRIM(RTRIM(SEXO)) ||';'||
		LTRIM(RTRIM(DIRECCION_RESIDENCIA)) ||';'||
		LTRIM(RTRIM(CODIGO_CIUDAD_RESIDENCIA)) ||';'||
		LTRIM(RTRIM(CIUDAD_RESIDENCIA)) ||';'||
		LTRIM(RTRIM(TELEFONO)) ||';'||
		LTRIM(RTRIM(CELULAR)) ||';'||
		LTRIM(RTRIM(PROFESION)) ||';'||
		LTRIM(RTRIM(REGION)) ||';'||
		LTRIM(RTRIM(SUCURSAL)) ||';'||
		LTRIM(RTRIM(CIUDAD)) ||';'||
		LTRIM(RTRIM(CANAL_DE_VENTA)) ||';'||
		LTRIM(RTRIM(OFICINA)) ||';'||
		LTRIM(RTRIM(NOMBRE_APELLIDO_ASESOR)) ||';'||
		LTRIM(RTRIM(DOCUMENTO_ASESOR)) ||';'||
		LTRIM(RTRIM(CODIGO_ASESOR)) ||';'||
		LTRIM(RTRIM(PAIS_ASEGURADO)) ||';'||
		LTRIM(RTRIM(NACIONALIDAD_ASEGURADO)) ||';'||
		LTRIM(RTRIM(RESULTADO))) AS RESULTADO
			FROM REPORT_B
		</value>
	</query>

	<persistence>
		<repository>STRP_EMISIONESGI</repository>
	</persistence>
</report>