<?xml version="1.0" encoding="ISO-8859-1"?>

<report name="CAM_AFS_00016" description="16 Siniestos - Autorizados" category="Reportes Socio">

	<provider name="com.bnpparibas.cardif.reportweb.commons.service.provider.file.CSVFileProvider" />
	<provider name="com.bnpparibas.cardif.reportweb.commons.service.provider.jasper.PDFProvider" />

	<in>
		<parameter name="startDate" valuePattern="dd/MM/yyyy" type="STARTDATE" description="Fecha Inicio" required="true" />
		<parameter name="endDate" valuePattern="dd/MM/yyyy" type="ENDDATE" description="Fecha Fin" required="true" />
		<parameter name="socio" type="LIST" required="true" description="Socio" provider="com.bnpparibas.cardif.reportweb.configuration.entity.parameter.provider.PartnerCollectionProvider" />
	</in>

	<query>
		<value>
		WITH ALTURA AS (
		SELECT COUNT(E.CLAIMNUMBER) AS ALTURA_PAGO,
		E.CLAIMNUMBER
		FROM STCL_CLAIMRESERVEBENEFIT A
		LEFT JOIN CLAIMNORMALRESERVE B ON A.CNR_ID = B.CLAIMNORMALRESERVEDID
		LEFT JOIN CLAIMINSURANCEOBJECT C ON B.CLAIMINSURANCEOBJECTID = C.CLAIMINSURANCEOBJECTID
		LEFT JOIN CLAIMRISKUNIT D ON C.CLAIMRISKUNITID = D.CLAIMRISKUNITID
		LEFT JOIN CLAIM E ON D.CLAIMID = E.CLAIMID
		LEFT JOIN PAYMENTORDER F ON F.FKRESERVE = B.CLAIMNORMALRESERVEDID AND F.AMOUNT = A.CRBF_BENEFITAMOUNT AND F.STATE = 4
		GROUP BY E.CLAIMNUMBER),
		
		REPORTE_A AS (
		SELECT 
		/*+ PARALLEL(5) */
		DISTINCT
		RTRIM(LTRIM(CL.CLAIMNUMBER || CCOV.COVERNAMEINPUT)) AS LLAVE_SINIESTRO,
		RTRIM(LTRIM(CCTHP2.THIRDPARTYFULLNAMEINPUT)) AS SOCIO,
		RTRIM(LTRIM(CL.CLAIMNUMBER)) AS SINIESTRO,
		RTRIM(LTRIM(NP.FIRSTNAMEINPUT)) AS PRIMER_NOMBRE,
		RTRIM(LTRIM(NP.MIDDLENAMEINPUT)) AS SEGUNDO_NOMBRE,
		RTRIM(LTRIM(NP.SURNAMEINPUT)) AS PRIMER_APELLIDO,
		RTRIM(LTRIM(NP.MOTHERNAMEINPUT ))AS SEGUNDO_APELLIDO,
		RTRIM(LTRIM(CCTHP3.THIRDPARTYNBINPUT ))AS DOC_ASEGURADO,
		RTRIM(LTRIM(CCOV.COVERNAMEINPUT)) AS COBERTURA,
		RTRIM(LTRIM(CCOV.COVERBUSINESSLINECODEINPUT)) AS COD_RAMO,
		RTRIM(LTRIM(PDCO.POD_POLICYNUMBER)) AS NRO_CERTIFICADO,
		TO_CHAR(PO.POR_OPERATIONDATE,'dd/MM/yyyy') AS FECHA_MOVIMIENTO,
		RTRIM(LTRIM(PO.AMOUNT)) AS VALOR_TOTAL,
		'Autorizado' AS TIPO_MOVIMIENTO,
		CASE
		WHEN PVI2.AGREGATEDOBJECTID IS NOT NULL THEN 'Beneficiario'
		ELSE 'Asegurado'
		END AS BENEFICIARIO_PAGO,
		RTRIM(LTRIM(PO.BENEFICIARY)) AS NOMBRE_BENEFICIARIO,
		RTRIM(LTRIM(CCTHP3.THIRDPARTYNBINPUT)) AS CEDULA_BENEFICIARIO,
		'Pago Cuota' AS CONCEPTO_PAGO,
		RTRIM(LTRIM(NP.BIRTHDATEINPUT)) AS FECHA_NACIMIENTO,
		RTRIM(LTRIM(CCOV.COVERBUSINESSLINENAMEINPUT)) AS NOMBRE_RAMO,
		RTRIM(LTRIM(CLD.CLAIMDECLARATIONDATEINPUT )) AS FECHA_DECLARACION,
		RTRIM(LTRIM(CLD.DECLARATIONRECPTNDATEINPUT)) AS FECHA_AVISO_A_CARDIF,
		RTRIM(LTRIM(ST.CLD_OCCURRENCEDATE)) AS FECHA_OCURRENCIA_SINIESTRO,
		CASE
		WHEN TD1.ORIGINEVENTTYPEINPUT IS NOT NULL THEN RTRIM(LTRIM(TD1.ORIGINEVENTTYPEINPUT))
		WHEN TD2.ORIGINEVENTTYPEINPUT IS NOT NULL THEN RTRIM(LTRIM(TD2.ORIGINEVENTTYPEINPUT))
		WHEN TD3.ORIGINEVENTTYPEINPUT IS NOT NULL THEN RTRIM(LTRIM(TD3.ORIGINEVENTTYPEINPUT))
		WHEN TD4.ORIGINEVENTTYPEINPUT IS NOT NULL THEN RTRIM(LTRIM(TD4.ORIGINEVENTTYPEINPUT))
		WHEN TD5.ORIGINEVENTTYPEINPUT IS NOT NULL THEN RTRIM(LTRIM(TD5.ORIGINEVENTTYPEINPUT))
		WHEN TD6.ORIGINEVENTTYPEINPUT IS NOT NULL THEN RTRIM(LTRIM(TD6.ORIGINEVENTTYPEINPUT))
		WHEN TD7.ORIGINEVENTTYPEINPUT IS NOT NULL THEN RTRIM(LTRIM(TD7.ORIGINEVENTTYPEINPUT))
		WHEN TD8.ORIGINEVENTTYPEINPUT IS NOT NULL THEN RTRIM(LTRIM(TD8.ORIGINEVENTTYPEINPUT))
		WHEN TD9.ORIGINEVENTTYPEINPUT IS NOT NULL THEN RTRIM(LTRIM(TD9.ORIGINEVENTTYPEINPUT))
		WHEN TD10.ORIGINEVENTTYPEINPUT IS NOT NULL THEN RTRIM(LTRIM(TD10.ORIGINEVENTTYPEINPUT))
		WHEN TD11.ORIGINEVENTTYPEINPUT IS NOT NULL THEN RTRIM(LTRIM(TD11.ORIGINEVENTTYPEINPUT))
		WHEN TD12.ORIGINEVENTTYPEINPUT IS NOT NULL THEN RTRIM(LTRIM(TD12.ORIGINEVENTTYPEINPUT))
		ELSE NULL END AS DESCRIPCION_CAUSA_SINIESTRO,
		RTRIM(LTRIM(PDCO.INITIALDATE)) AS FECDESEM,
		'100' AS PORCEASEG,
		NULL AS CAUSALOBJECION,
		RTRIM(LTRIM(CL.CLAIMNUMBER || CCOV.COVERNAMEINPUT || 'Pago Cuota')) AS LLAVE,
		RTRIM(LTRIM(CRA2.AMOUNT ))AS RESERVA_INICIAL,
		RTRIM(LTRIM(ALT.ALTURA_PAGO)) AS ALTURA_PAGO,
		'AUTORIZADOS' AS TIPO_INFORME,
		SYSDATE AS FECHA_REPORTE,
		RTRIM(LTRIM(EXP.AMOUNT)) AS GASTOS_U_HONORARIOS,
		CASE UPPER(CL.CLAIMNUMBER)
		WHEN '1' THEN 'Si'
		ELSE 'No'
		END AS JUDICIAL,
		PO.CRBF_ID AS CONSECUTIVO,
		CPROD.PRODUCTLEGALREGSTRTNNBINPUT AS COD_CONTABLE
			FROM STCL_CLAIMOPERATIONHISTORY HIST
			INNER JOIN CLAIM CL ON CL.CLAIMID = HIST.CLA_ID
			LEFT JOIN CCOXTPCLAIMREFUSAL CR ON CR.STATIC = HIST.COH_ID
			INNER JOIN CLAIMRISKUNIT CLRU ON CLRU.CLAIMID = CL.CLAIMID
			INNER JOIN STCL_DECLARATION ST ON CL.CLD_ID=ST.CLD_ID
			INNER JOIN CCOXTPCLAIMDECLARATION CLD ON CLD.STATIC = ST.CLD_ID
			INNER JOIN CLAIMINSURANCEOBJECT CLIO ON CLIO.CLAIMRISKUNITID = CLRU.CLAIMRISKUNITID
			INNER JOIN CLAIMNORMALRESERVE CNR ON CNR.CLAIMINSURANCEOBJECTID = CLIO.CLAIMINSURANCEOBJECTID
			INNER JOIN CLAIMRESERVEADJUST CRA ON CRA.CLAIMRESERVEID = CNR.CLAIMNORMALRESERVEDID
			INNER JOIN CLAIMRESERVEADJUST CRA2 ON CRA2.CLAIMRESERVEID = CNR.CLAIMNORMALRESERVEDID AND CRA2.TYPE = 'INITIAL'
			LEFT JOIN PAYMENTORDER PO ON PO.FKRESERVE = CNR.CLAIMNORMALRESERVEDID
			INNER JOIN CCOXTPCOVERAGE CCOV ON CCOV.STATIC = CNR.EVALUATEDCOVERAGEID
			INNER JOIN INSURANCEOBJECTPARTICIPATION IOP ON IOP.AGREGATEDINSURANCEOBJECTID = CLIO.AGREGATEDINSURANCEOBJECTID
			INNER JOIN PARTICIPATIONVERSIONINSURANCE PVI ON PVI.AGREGATEDOBJECTID = IOP.PARTICIPATIONID
			INNER JOIN PARTICIPATIONVERSIONINSURANCE PVI2 ON PVI2.AGREGATEDOBJECTID = PVI.AGREGATEDOBJECTID AND PVI.ROL_ID = 110
			INNER JOIN AGREGATEDPOLICY AP ON CL.POLICYID = AP.AGREGATEDPOLICYID
        	INNER JOIN POLICYDCO PDCO ON PDCO.OPERATIONPK = AP.OPERATIONPK
        	INNER JOIN PRODUCT P ON P.PRODUCTID = AP.PRODUCTID
        	INNER JOIN CCOPTPPRODUCT CPROD ON CPROD.STATIC = P.PRODUCTID
        	INNER JOIN STATE ST ON ST.STATEID = PDCO.STATEID		       	
       		INNER JOIN AGREGATEDPOLICYTYPE AGPT ON AGPT.PRODUCTID = P.PRODUCTID 
   			INNER JOIN STPS_CONFROLETHIRDPARTY SCRTP ON SCRTP.CRTP_CONTAINERID = AGPT.AGREGATEDPOLICYID
   			INNER JOIN PARTICIPATIONVERSION PV ON PV.AGREGATEDPARENTID = PDCO.AGREGATEDOBJECTID
   			INNER JOIN CCOPTPTHIRDPARTY CCTHP ON CCTHP.STATIC = PV.THIRDPARTYID
   			INNER JOIN CCOPTPTHIRDPARTY CCTHP3 ON CCTHP3.STATIC = PVI.THIRDPARTYID
   			INNER JOIN CCOPTPTHIRDPARTY CCTHP2 ON CCTHP2.STATIC = SCRTP.TPT_ID
        	INNER JOIN NATURALPERSON NP ON CCTHP3.STATIC = NP.STATIC
        	INNER JOIN STTE_THIRDPARTYADDRESSBOOK PAYEE_AB ON PAYEE_AB.TPT_ID = CCTHP3.STATIC
        	INNER JOIN CCOXTPPOSTALADDRESS CPA ON CPA.PK = PAYEE_AB.IDDCO
			INNER JOIN THIRDPARTYPAYMENTMODE TPPM ON TPPM.THIRDPARTYID = PO.THIRDPARTYID AND TPPM.STATUS = 'active'
			INNER JOIN PAYMENTBANKACNT PBA ON PBA.PK = TPPM.DCOPK AND PBA.PAYMENTTRANSACTIONTYPEINPUT = 'Claim Benefit Payment'
			INNER JOIN ALTURA ALT ON ALT.CLAIMNUMBER = CL.CLAIMNUMBER          
        	LEFT JOIN CCOXTPDEATHEVT TD1 ON TD1.STATIC = CLD.STATIC
			LEFT JOIN CCOXTPDISABILITYEVT TD2 ON TD2.STATIC = CLD.STATIC
			LEFT JOIN CCOXTPUNEMPLOYMENTEVT TD3 ON TD3.STATIC = CLD.STATIC
			LEFT JOIN CCOXTPHOSPITALIZATIONEVT TD4 ON TD4.STATIC = CLD.STATIC
			LEFT JOIN CCOXTPFRAUDULENTUSEEVT TD5 ON TD5.STATIC = CLD.STATIC
			LEFT JOIN CCOXTPROBBERYEVT TD6 ON TD6.STATIC = CLD.STATIC
			LEFT JOIN CCOXTPDREADDISEASEEVT TD7 ON TD7.STATIC = CLD.STATIC
			LEFT JOIN CCOXTPFIRELGHTNGEXPLSNEVT TD8 ON TD8.STATIC = CLD.STATIC
			LEFT JOIN CCOXTPEXTENDEDWARRANTYEVT TD9 ON TD9.STATIC = CLD.STATIC
			LEFT JOIN CCOXTPGAPEVT TD10 ON TD10.STATIC = CLD.STATIC
			LEFT JOIN CCOXTPEVENTSLIFEEVT TD11 ON TD11.STATIC = CLD.STATIC
			LEFT JOIN CCOXTPPHYSICALDAMAGEEVT TD12 ON TD12.STATIC = CLD.STATIC
			LEFT JOIN EXPENSE EXP ON EXP.CLAIMID = CL.CLAIMID
				WHERE PO.STATE = '4'
				AND CCTHP2.STATIC = :socio
           
			GROUP BY
			RTRIM(LTRIM(CL.CLAIMNUMBER || CCOV.COVERNAMEINPUT)) ,
			RTRIM(LTRIM(CCTHP2.THIRDPARTYFULLNAMEINPUT)) ,
			RTRIM(LTRIM(CL.CLAIMNUMBER)) ,
			RTRIM(LTRIM(NP.FIRSTNAMEINPUT)) ,
			RTRIM(LTRIM(NP.MIDDLENAMEINPUT)) ,
			RTRIM(LTRIM(NP.SURNAMEINPUT)) ,
			RTRIM(LTRIM(NP.MOTHERNAMEINPUT )),
			RTRIM(LTRIM(CCTHP3.THIRDPARTYNBINPUT)),
			RTRIM(LTRIM(CCOV.COVERNAMEINPUT)) ,
			RTRIM(LTRIM(CCOV.COVERBUSINESSLINECODEINPUT)) ,
			RTRIM(LTRIM(PDCO.POD_POLICYNUMBER)),
			TO_CHAR(PO.POR_OPERATIONDATE,'dd/MM/yyyy') ,
			RTRIM(LTRIM(PO.AMOUNT)) ,
			'Autorizado',
			CASE
			WHEN PVI2.AGREGATEDOBJECTID IS NOT NULL THEN 'Beneficiario'
			ELSE 'Asegurado' END ,
			RTRIM(LTRIM(PO.BENEFICIARY)),
			RTRIM(LTRIM(CCTHP3.THIRDPARTYNBINPUT)) ,
			'Pago Cuota' ,
			RTRIM(LTRIM(NP.BIRTHDATEINPUT)) ,
			RTRIM(LTRIM(CCOV.COVERBUSINESSLINENAMEINPUT )),
			RTRIM(LTRIM(CLD.CLAIMDECLARATIONDATEINPUT )),
			RTRIM(LTRIM(CLD.DECLARATIONRECPTNDATEINPUT)) ,
			RTRIM(LTRIM(ST.CLD_OCCURRENCEDATE)) ,
			CASE
			WHEN TD1.ORIGINEVENTTYPEINPUT IS NOT NULL THEN RTRIM(LTRIM(TD1.ORIGINEVENTTYPEINPUT))
			WHEN TD2.ORIGINEVENTTYPEINPUT IS NOT NULL THEN RTRIM(LTRIM(TD2.ORIGINEVENTTYPEINPUT))
			WHEN TD3.ORIGINEVENTTYPEINPUT IS NOT NULL THEN RTRIM(LTRIM(TD3.ORIGINEVENTTYPEINPUT))
			WHEN TD4.ORIGINEVENTTYPEINPUT IS NOT NULL THEN RTRIM(LTRIM(TD4.ORIGINEVENTTYPEINPUT))
			WHEN TD5.ORIGINEVENTTYPEINPUT IS NOT NULL THEN RTRIM(LTRIM(TD5.ORIGINEVENTTYPEINPUT))
			WHEN TD6.ORIGINEVENTTYPEINPUT IS NOT NULL THEN RTRIM(LTRIM(TD6.ORIGINEVENTTYPEINPUT))
			WHEN TD7.ORIGINEVENTTYPEINPUT IS NOT NULL THEN RTRIM(LTRIM(TD7.ORIGINEVENTTYPEINPUT))
			WHEN TD8.ORIGINEVENTTYPEINPUT IS NOT NULL THEN RTRIM(LTRIM(TD8.ORIGINEVENTTYPEINPUT))
			WHEN TD9.ORIGINEVENTTYPEINPUT IS NOT NULL THEN RTRIM(LTRIM(TD9.ORIGINEVENTTYPEINPUT))
			WHEN TD10.ORIGINEVENTTYPEINPUT IS NOT NULL THEN RTRIM(LTRIM(TD10.ORIGINEVENTTYPEINPUT))
			WHEN TD11.ORIGINEVENTTYPEINPUT IS NOT NULL THEN RTRIM(LTRIM(TD11.ORIGINEVENTTYPEINPUT))
			WHEN TD12.ORIGINEVENTTYPEINPUT IS NOT NULL THEN RTRIM(LTRIM(TD12.ORIGINEVENTTYPEINPUT))
			ELSE NULL END ,
			RTRIM(LTRIM(PDCO.INITIALDATE)) ,
			'100' ,
			NULL,
			RTRIM(LTRIM(CL.CLAIMNUMBER || CCOV.COVERNAMEINPUT || 'Pago Cuota')),
			RTRIM(LTRIM(CRA2.AMOUNT)),
			RTRIM(LTRIM(ALT.ALTURA_PAGO)),
			'AUTORIZADOS',
			SYSDATE,
			RTRIM(LTRIM(EXP.AMOUNT)),
			CASE UPPER(CL.CLAIMNUMBER)
			WHEN '1' THEN 'Si'
			ELSE 'No' END,
			PO.CRBF_ID,
			CPROD.PRODUCTLEGALREGSTRTNNBINPUT),
		
		REPORTE_B AS (
		SELECT
		LLAVE_SINIESTRO,
		SOCIO,
		SINIESTRO,
		PRIMER_NOMBRE,
		SEGUNDO_NOMBRE,
		PRIMER_APELLIDO,
		SEGUNDO_APELLIDO,
		DOC_ASEGURADO,
		COBERTURA,
		COD_RAMO,
		NRO_CERTIFICADO,
		FECHA_MOVIMIENTO,
		VALOR_TOTAL,
		TIPO_MOVIMIENTO,
		BENEFICIARIO_PAGO,
		NOMBRE_BENEFICIARIO,
		CEDULA_BENEFICIARIO,
		CONCEPTO_PAGO || ROW_NUMBER() OVER (PARTITION BY SINIESTRO ORDER BY CONSECUTIVO ASC) AS CONCEPTO_PAGO,
		FECHA_NACIMIENTO,
		NOMBRE_RAMO,
		FECHA_DECLARACION,
		FECHA_AVISO_A_CARDIF,
		FECHA_OCURRENCIA_SINIESTRO,
		DESCRIPCION_CAUSA_SINIESTRO,
		FECDESEM,
		PORCEASEG,
		CAUSALOBJECION,
		LLAVE,
		RESERVA_INICIAL,
		ALTURA_PAGO,
		TIPO_INFORME,
		FECHA_REPORTE,
		GASTOS_U_HONORARIOS,
		JUDICIAL,
		COD_CONTABLE
			FROM REPORTE_A),
		
		REPORTE_C AS (
		SELECT
		LLAVE_SINIESTRO,
		SOCIO,
		SINIESTRO,
		PRIMER_NOMBRE,
		SEGUNDO_NOMBRE,
		PRIMER_APELLIDO,
		SEGUNDO_APELLIDO,
		DOC_ASEGURADO,
		COBERTURA,
		COD_RAMO,
		NRO_CERTIFICADO,
		FECHA_MOVIMIENTO,
		VALOR_TOTAL,
		TIPO_MOVIMIENTO,
		BENEFICIARIO_PAGO,
		NOMBRE_BENEFICIARIO,
		CEDULA_BENEFICIARIO,
		CONCEPTO_PAGO,
		FECHA_NACIMIENTO,
		NOMBRE_RAMO,
		FECHA_DECLARACION,
		FECHA_AVISO_A_CARDIF,
		FECHA_OCURRENCIA_SINIESTRO,
		DESCRIPCION_CAUSA_SINIESTRO,
		FECDESEM,
		PORCEASEG,
		CAUSALOBJECION,
		LLAVE ||' '|| SUBSTR (CONCEPTO_PAGO,12) AS LLAVE,
		RESERVA_INICIAL,
		ALTURA_PAGO,
		TIPO_INFORME,
		FECHA_REPORTE,
		GASTOS_U_HONORARIOS,
		JUDICIAL,
		COD_CONTABLE
		FROM REPORTE_B)
		SELECT * FROM REPORTE_C
			WHERE TO_DATE (FECHA_MOVIMIENTO,'dd/MM/yyyy') BETWEEN (:startDate) AND (:endDate)
		</value>
	</query>

	<persistence>
		<repository>STRP_SINI_AUTORIZ</repository>
	</persistence>
</report>