<?xml version="1.0" encoding="ISO-8859-1"?>

<report name="CAM_AFS_00038" description="38 Reporte Certificados con Cierre por Madurez" 
		category="Reportes de Gesti�n de Certificados">

	<provider name="com.bnpparibas.cardif.reportweb.commons.service.provider.file.CSVFileProvider" />
	<in>
		<parameter name="initialdate" valuePattern="dd/mm/yyyy" type="DATE" required="true" description="Fecha Inicio:" />
		<parameter name="finaldate" valuePattern="dd/mm/yyyy" type="DATE" required="true" description="Fecha Fin:" />
		
		<parameter name="partner" type="LIST" required="false" description="Socio" 
			provider="com.bnpparibas.cardif.reportweb.configuration.entity.parameter.provider.PartnerCollectionProvider" />
		
		
		<parameter name="producto" type="LIST" required="false" description="Producto"
			provider="com.bnpparibas.cardif.reportweb.configuration.entity.parameter.provider.ProductCollectionProvider" />
		
		
		<parameter name="reportType" type="LIST" required="true" description="Formato"
		provider="com.bnpparibas.cardif.reportweb.configuration.entity.parameter.provider.ReportTypeCollectionProvider" />
	</in>
	<query>
		<value>
			<![CDATA[
			SELECT 
			CCOPTP1.THIRDPARTYNBINPUT AS CEDULA,
			NULL AS NOMBRE,
			'CIERRE POR MADUREZ' AS COMENTARIO,
			PDCO.POD_POLICYNUMBER AS POLIZA,
			PDCO.AUDITDATE AS FECHA_CANCELACION,
			6 AS TIPO_CANCELACION,
			CASE PD.PRO_PREMIUMMANAGEMENT
			    when 1 then 'Si'
			    when 2 then 'No'
			    else ''
			END as COBRANZA_INDIVIDUAL
			FROM BRAXTS_CFG.POLICYDCO PDCO 
			INNER JOIN BRAXTS_CFG.AGREGATEDPOLICY AGP on AGP.OPERATIONPK = PDCO.OPERATIONPK
			INNER JOIN BRAXTS_CFG.PRODUCT PD ON PD.PRODUCTID = AGP.PRODUCTID
			INNER JOIN BRAXTS_CFG.EVENTDCO EP on PDCO.OPERATIONPK = EP.OPERATIONPK
			INNER JOIN BRAXTS_CFG.EVENTTYPE ET ON EP.EVENTTYPEID = ET.EVENTTYPEID
			INNER JOIN BRAXTS_CFG.INSURANCEOBJECTDCO IOB1 ON IOB1.OPERATIONPK=PDCO.OPERATIONPK AND IOB1.IOD_INSURANCEOBJECTNUMBER=1
			INNER JOIN BRAXTS_CFG.PARTICIPATIONVERSIONINSURANCE PV1 ON PV1.AGREGATEDPARENTID = IOB1.AGREGATEDOBJECTID
			INNER JOIN BRAXTS_CFG.CCOPTPTHIRDPARTY CCOPTP1	ON CCOPTP1.STATIC = PV1.THIRDPARTYID
			INNER JOIN BRAXTS_CFG.PARTICIPATIONVERSION PV2 ON PV2.AGREGATEDPARENTID=PDCO.AGREGATEDOBJECTID AND PV2.ROL_ID =120
			INNER JOIN BRAXTS_CFG.CCOPTPTHIRDPARTY CCOPTP2 ON CCOPTP2.STATIC = PV2.THIRDPARTYID
			WHERE 
			ET.DESCRIPTION = 'Close policy for maturity'
			AND PDCO.AUDITDATE BETWEEN :initialdate AND :finaldate + 1
			:socio_condicion :producto_condicion
			GROUP BY CCOPTP1.THIRDPARTYNBINPUT,PDCO.POD_POLICYNUMBER,PDCO.AUDITDATE,PD.PRO_PREMIUMMANAGEMENT
			 ]]>
		</value>
		<conditions>
			<condition name="socio_condicion" notNullAndNotEmpty="partner">
						<value>AND CCOPTP2.STATIC = :partner</value>
			</condition>
			<condition name="producto_condicion" notNullAndNotEmpty="producto">
						<value>AND PD.PRODUCTID = :producto</value>
			</condition>
		</conditions>
	</query>

	<persistence>
		<repository>STRP_CERTIF_CIERRE_MADUREZ</repository>
	</persistence>
</report>