<?xml version="1.0" encoding="ISO-8859-1"?>

<report name="CAM_AFS_00040" description="40 Reporte Detallado por Certificado" 
		category="Reportes de Gesti�n de Certificados">

	<provider name="com.bnpparibas.cardif.reportweb.commons.service.provider.file.DefaultFileReportProvider" />

	<in>
		<parameter name="poliza" type="TEXT" required="false" description="Certificado" />
		<parameter name="cedula" type="TEXT" required="false" description="C�dula" />
		<parameter name="reportType" type="LIST" required="true" description="Formato"
			provider="com.bnpparibas.cardif.reportweb.configuration.entity.parameter.provider.ReportTypeCollectionProvider" />
	</in>

	<query>
		<value>
			<![CDATA[
				SELECT 
				PDCO.POD_POLICYNUMBER AS CERTIFICADO,
				ST.DESCRIPTION AS ESTADO,
				PDCO.AUDITDATE AS FECHA_EMISION,
				PDCO.INITIALDATE AS FECHA_INICIO,
				PDCO.FINISHDATE AS FECHA_FIN,
				CPT.THIRDPARTYFULLNAMEINPUT AS NOMBRES,
				CPT.THIRDPARTYNBINPUT AS CC,
				OPIT.AMOUNT AS PRIMA,
				CCOPPD.PRODUCTLEGALREGSTRTNNBINPUT AS PRODUCTO,
				PD.DESCRIPTION AS DESCRIPCION,
				CCPOL.PREMIUMPERIODICITYTYPEINPUT AS PERIODICIDAD,
				CCPOL.PLANOPTIONTYPEINPUT AS ID_PLAN,
				CCPOL.POLLASTPREMBILLNGDATEINPUT AS ULTIMA_PER,
				CCPOL.NEXTPREMIUMBILLINGDATEINPUT AS SIGUIENTE_PER
					FROM BRAXTS_CFG.POLICYDCO PDCO
					INNER JOIN BRAXTS_CFG.AGREGATEDPOLICY AGP ON AGP.AGREGATEDPOLICYID=PDCO.AGREGATEDOBJECTID
					INNER JOIN BRAXTS_CFG.STATE ST ON ST.STATEID=PDCO.STATEID
					INNER JOIN BRAXTS_CFG.CCOPTPPOLICY CCPOL on PDCO.DCOID = CCPOL.PK
					INNER JOIN BRAXTS_CFG.PRODUCT PD ON PD.PRODUCTID=AGP.PRODUCTID
					INNER JOIN BRAXTS_CFG.CCOPTPPRODUCT CCOPPD on CCOPPD.STATIC = PD.PRODUCTID
					INNER JOIN BRAXTS_CFG.OPENITEM OPIT ON OPIT.OPERATIONPK=PDCO.OPERATIONPK AND OPIT.DTY_ID=513
					INNER JOIN BRAXTS_CFG.PARTICIPATIONVERSIONINSURANCE PVI on PVI.OPERATIONPK = PDCO.OPERATIONPK
					INNER JOIN BRAXTS_CFG.CCOPTPTHIRDPARTY CPT on CPT.STATIC = PVI.THIRDPARTYID
						WHERE
						:poliza_condicion
						:cedula_condicion
		 		]]>
		</value>
		<conditions>
			<condition name="poliza_condicion" notNullAndNotEmpty="poliza">
				<value>PDCO.POD_POLICYNUMBER = :poliza</value>
			</condition>
			<condition name="cedula_condicion" notNullAndNotEmpty="cedula">
				<value>CPT.THIRDPARTYNBINPUT = :cedula</value>
			</condition>
		</conditions>
	</query>

	<persistence>
		<repository>STRP_DETALLE_CERTIF</repository>
	</persistence>
</report>