<?xml version="1.0" encoding="ISO-8859-1"?>

<report name="CAM_JOB_00001" description="Reporte del Resultado de la ejecuci�n de jobs" category="Reportes JOBS">

	<provider name="com.bnpparibas.cardif.reportweb.commons.service.provider.file.CSVFileProvider" />
	<provider name="com.bnpparibas.cardif.reportweb.commons.service.provider.file.DefaultFileReportProvider" />
	
	<in>
		<parameter name="processId" type="TEXT" required="true" description="Id de ejecucion del Job" />
	</in>

	<query>
		<value>
			<![CDATA[
				SELECT /*+ PARALLEL(5) */
					PO.PROCESS_ID NUMEROPROCESO,   0 as NUMEROPRODUCTO,
					AGP.PRODUCT_NAME,   PDCO.POD_POLICYNUMBER,   PDCO.INITIALDATE,
					PDCO.FINISHDATE,
					PDCO.EVENT AS EVENTO,
					PDCO.AUDITDATE,
					(SELECT OP.AMOUNT FROM BRAXTS_CFG.OPENITEM OP WHERE OP.OPERATIONPK = PDCO.OPERATIONPK AND OP.DTY_ID IN (513) ) AS VALOR_PRIMA,
					CASE WHEN PO.ERROR_CODES IS NULL THEN 'PROCESADO CON EXITO' ELSE REGEXP_REPLACE(PO.ERROR_CODES,'LEGACY_BUSINESS_EXCEPTION - ','') END AS ERROR_CODE,
					CAST(PRS.START_TIME AS DATE) AS FECHA_INICIO_EJECUCION,
					CAST(PRS.END_TIME AS DATE) AS FECHA_FIN_EJECUCION
				FROM BRAXTS_CFG.PROCESS_OPERATION PO
				INNER JOIN BRAXTS_CFG.POLICYDCO PDCO ON PDCO.OPERATIONPK = PO.OPERATIONPK OR PDCO.AGREGATEDOBJECTID = PO.AGREGATEDPOLICYID
				INNER JOIN BRAXTS_CFG.AGREGATEDPOLICY AGP ON AGP.AGREGATEDPOLICYID = PDCO.AGREGATEDOBJECTID AND AGP.OPERATIONPK = PDCO.OPERATIONPK
				INNER JOIN PMSSKD.PROCESS PRS ON PRS.ID = PO.PROCESS_ID
				INNER JOIN PMSSKD.JOB_INSTANCE JI ON JI.ID = PRS.JOB_INSTANCE_ID
				WHERE PO.PROCESS_ID = :processId
					AND PRS.START_TIME between trunc( SYSDATE , 'mm') AND trunc(last_day( SYSDATE ))
				]]>
		</value>
	</query>
	<persistence>
		<repository>strp_report_job_execution</repository>
	</persistence>
</report>