<?xml version="1.0" encoding="ISO-8859-1"?>

<report name="CAM_AFS_00004" description="04 No Renovaciones" category="Reportes Socio">
		
	<provider name="com.bnpparibas.cardif.reportweb.commons.service.provider.file.CSVFileProvider" />

	<in>
		<parameter name="producto" type="LIST" required="true" description="Producto" provider="com.bnpparibas.cardif.reportweb.configuration.entity.parameter.provider.ProductCollectionProvider" />
	</in>

	<query>
		<value>
			SELECT
			CCP.PRODUCTLEGALREGSTRTNNBINPUT AS CODIGO_PRODUCTO,
			CCOPTP1.THIRDPARTYFULLNAMEINPUT AS NOMBRES_APELLIDOS,
			PDCO.POD_POLICYNUMBER AS CODIGO_UNICO_PRODUCTO,
			PDCO.INITIALDATE AS FECHA_INICIO_VIGENCIA,
			PDCO.FINISHDATE AS FECHA_FIN_VIGENCIA,
			NP.THIRDPARTYDOCUMENTTYPEINPUT AS TIPO_IDENTIFICACION,
			CCOPTP1.THIRDPARTYNBINPUT AS NUMERO_DOCUMENTO,
			NP.BIRTHDATEINPUT AS FECHA_NACIMIENTO,
			TO_CHAR(ROUND(((SYSDATE - NP.BIRTHDATEINPUT)/365), 0)) AS EDAD
			FROM DUAL, AGREGATEDPOLICY AGP
			INNER JOIN PRODUCT PD ON PD.PRODUCTID = AGP.PRODUCTID AND PD.PRODUCTID = :producto
			INNER JOIN CCOPTPPRODUCT CCP ON CCP.STATIC = PD.PRODUCTID
			INNER JOIN POLICYDCO PDCO ON AGP.OPERATIONPK = PDCO.OPERATIONPK
			INNER JOIN STATE ST ON ST.STATEID = PDCO.STATEID
			INNER JOIN CCOPTPPOLICY CCPOL ON CCPOL.STATIC = PDCO.AGREGATEDOBJECTID
			INNER JOIN INSURANCEOBJECTDCO IOB1 ON IOB1.OPERATIONPK=PDCO.OPERATIONPK AND IOB1.IOD_INSURANCEOBJECTNUMBER = 1
			INNER JOIN STATE ST ON ST.STATEID = PDCO.STATEID
			INNER JOIN PARTICIPATIONVERSIONINSURANCE PV1 ON PV1.AGREGATEDPARENTID = IOB1.AGREGATEDOBJECTID AND PV1.ROL_ID = 110 AND PV1.OPERATIONPK = IOB1.OPERATIONPK
			INNER JOIN CCOPTPTHIRDPARTY CCOPTP1 ON CCOPTP1.STATIC = PV1.THIRDPARTYID
			INNER JOIN NATURALPERSON NP ON NP.STATIC = PV1.THIRDPARTYID
			LEFT JOIN STTE_THIRDPARTYADDRESSBOOK STTP ON STTP.TPT_ID = CCOPTP1.STATIC
			WHERE ROUND(((SYSDATE - NP.BIRTHDATEINPUT)/365), 0) >= (
				SELECT MAX (P.FORMULA) + 1 FROM CCOPTPPRODUCT PROD 
        		INNER JOIN PRODUCT P ON PROD.STATIC = P.PRODUCTID
        		INNER JOIN CONFIGURATEDCOVERAGE CONFCOV ON CONFCOV.PRO_ID = P.PRODUCTID
        		INNER JOIN AGREGINSOBJECTTYPE IOTYPE ON IOTYPE.AGREGATEDINSURANCEOBJECTYPEID  = CONFCOV.AGREGATEDINSURANCEOBJECTTYPEID
        		INNER JOIN PLAN PL ON PL.PLANID = IOTYPE.PLANPK
        		INNER JOIN COTPROPERTY COTP ON COTP.COTPROPERTYID = CONFCOV.TEMPLATEID
        		INNER JOIN PROPERTY P ON P.PROPERTYID = COTP.PROPERTYID AND P.SIMBOLO IN ('InsuredRenewalMaxAge')
        		WHERE P.PRODUCTID = :producto
        		AND CONFCOV.CCV_HIERARCHYSTATE = '2')
			ORDER BY 1
		</value>
	</query>
	
	<persistence>
		<repository>STRP_RESPONSENOREN</repository>
	</persistence>
</report>