<?xml version="1.0" encoding="ISO-8859-1"?>

<report name="CAM_JOB_00002" description="Polizas A Generar Renovaciones A la Fecha. Consolidado" category="Reportes JOBS - Normalizacion">

	<provider name="com.bnpparibas.cardif.reportweb.commons.service.provider.file.CSVFileProvider" />
	<provider name="com.bnpparibas.cardif.reportweb.commons.service.provider.file.DefaultFileReportProvider" />
	
	<in>
		<parameter name="socio" type="LIST" required="true" description="Socio" provider="co.com.bnpparibas.cardif.reportweb.configuration.entity.parameter.provider.PartnerCollectionProvider" />
	</in>

	<query>
		<value>
			<![CDATA[
				WITH REPORTE_A AS (
					SELECT /*+PARALLEL (5)*/
						COUNT(*) Cantidad_Registros,
						PRODUCTLEGALREGSTRTNNBINPUT as Codigo_Contable_Producto,
						PRODUCT_NAME as Nombre_Producto, 
						TO_CHAR(PDCO.FINISHDATE,'MM/YYYY') as Periodo_Contable, 
						POL.POLICYRNWALFRQNCYTYPEINPUT as Tipo_Prima, 
						SYSDATE Fecha_Extracion 
					FROM BRAXTS_CFG.AGREGATEDPOLICY AP
					INNER JOIN BRAXTS_CFG.POLICYDCO PDCO ON PDCO.OPERATIONPK = AP.OPERATIONPK
					INNER JOIN BRAXTS_CFG.CCOPTPPRODUCT PRD ON PRD.STATIC = AP.PRODUCTID
					INNER JOIN BRAXTS_CFG.CCOPTPPOLICY POL ON POL.PK = PDCO.DCOID AND POL.POLICYRENEWALINDICINPUT='Yes' AND POL.POLICYRNWALFRQNCYTYPEINPUT is not null      
					INNER JOIN BRAXTS_CFG.AGREGATEDPOLICYTYPE AGPT ON AGPT.PRODUCTID = AP.PRODUCTID
					INNER JOIN BRAXTS_CFG.STPS_CONFROLETHIRDPARTY SCRTP ON SCRTP.CRTP_CONTAINERID = AGPT.AGREGATEDPOLICYID
					INNER JOIN BRAXTS_CFG.CCOPTPTHIRDPARTY CCOPTP ON CCOPTP.STATIC = SCRTP.TPT_ID
					WHERE PDCO.STATUS=2
						AND CCOPTP.STATIC = :socio 
						AND PDCO.POLICY_STATE=8 
						AND PDCO.FINISHDATE >= SYSDATE
					GROUP by PRODUCTLEGALREGSTRTNNBINPUT, PRODUCT_NAME,PDCO.FINISHDATE,POL.POLICYRNWALFRQNCYTYPEINPUT)
				SELECT Cantidad_Registros,Codigo_Contable_Producto,Nombre_Producto,Periodo_Contable,Tipo_Prima,Fecha_Extracion
				FROM REPORTE_A
			]]>
		</value>
	</query>
	<persistence>
		<repository>Strp_Report_Consolidate_Nor</repository>
	</persistence>
</report>