<?xml version="1.0" encoding="ISO-8859-1"?>

<report name="CAM_ACS_00002" description="Carga Masiva De Recaudos" category="Reportes ASSA">

	<provider name="com.bnpparibas.cardif.reportweb.commons.service.provider.file.CSVFileProvider" />
	<provider name="com.bnpparibas.cardif.reportweb.commons.service.provider.file.DefaultFileReportProvider" />

	<in>
		<parameter name="startdate" valuePattern="dd/mm/yyyy" type="DATE" required="true" description="Fecha Inicio Periodo Contable:" />
		<parameter name="product" type="LIST" required="true" description="Producto" provider="pa.com.bnpparibas.cardif.reportweb.configuration.entity.parameter.provider.PartnerCollectionProviderAssa" />
		<parameter name="reportType" type="LIST" required="true" description="Formato" provider="com.bnpparibas.cardif.reportweb.configuration.entity.parameter.provider.ReportTypeCollectionProvider" />
	</in>

	<query>
		<value>
		<![CDATA[
			WITH REPORTE_A AS (
				SELECT 
				  PRD.PRODUCTLEGALREGSTRTNNBINPUT as PRODUCTO, 
				  pdco.POD_POLICYNUMBER           as POLIZA,
				  cparins.THIRDPARTYNBINPUT       AS CEDULA,
				  cparins.THIRDPARTYFULLNAMEINPUT as NOMBRE_ASEGURADO
				FROM BRAXTS_CFG.PRODUCT P 
				INNER JOIN BRAXTS_CFG.AGREGATEDPOLICY ap ON (p.PRODUCTID=ap.PRODUCTID)
				INNER JOIN BRAXTS_CFG.PARTICIPATIONVERSIONINSURANCE parins ON (parins.OPERATIONPK=ap.OPERATIONPK)
				INNER JOIN BRAXTS_CFG.CCOPTPTHIRDPARTY cparins ON (cparins.STATIC=parins.THIRDPARTYID)
				INNER JOIN BRAXTS_CFG.POLICYDCO pdco ON (pdco.OPERATIONPK = ap.OPERATIONPK AND pdco.STATUS = 2 AND PDCO.POD_POLICYNUMBER NOT LIKE '%Inc')
				INNER JOIN BRAXTS_CFG.CCOPTPPOLICY POL ON (POL.PK=PDCO.DCOID)
				INNER JOIN BRAXTS_CFG.CCOPTPPRODUCT PRD ON PRD.STATIC = P.PRODUCTID
				INNER JOIN BRAXTS_CFG.AGREGATEDPOLICYTYPE APT ON (APT.PRODUCTID = P.PRODUCTID)
				INNER JOIN BRAXTS_CFG.STPS_CONFROLETHIRDPARTY CONFR ON (CONFR.CRTP_CONTAINERID = APT.AGREGATEDPOLICYID and CONFR.ROL_ID = 120)
				WHERE CONFR.ROL_ID = 120
				  and pdco.EVENT <> 'Activate policy subscription request after creation'
				  and P.PRODUCTID  = :product
				  and pdco.AUDITDATE between trunc( :startdate , 'mm') and trunc(last_day( :startdate )) 
			)
			SELECT PRODUCTO,POLIZA,CEDULA,NOMBRE_ASEGURADO
			from REPORTE_A
			group by PRODUCTO,POLIZA,CEDULA,NOMBRE_ASEGURADO			 	 
		]]>
		</value>
	</query>
	<persistence>
		<repository>STRP_REPORT_RECAUDO_ASSA</repository>
	</persistence>
</report>