<?xml version="1.0" encoding="ISO-8859-1"?>

<report name="CAM_JOB_00005" description="Reporte de polizas falidas por job" category="Reportes JOBS">

	<provider name="com.bnpparibas.cardif.reportweb.commons.service.provider.file.CSVFileProvider" />
	<provider name="com.bnpparibas.cardif.reportweb.commons.service.provider.file.DefaultFileReportProvider" />
	
	<in>
		<parameter name="idjob" type="TEXT" description="ID Job:" required="true" />
	</in>

	<query>
		<value>
			<![CDATA[
				WITH REPORTE_A AS (
				  SELECT /*+PARALLEL (5)*/
				    PR.ID AS JOBID, 
				    cast(PR.START_TIME as date) AS BEGINEXEC ,
				    cast(PR.END_TIME as date) AS ENDEXEC,
				    ((TO_DATE(TO_CHAR(PR.END_TIME,'DD/MM/YYYY HH24:MI:SS'),'DD/MM/YYYY HH24:MI:SS')-TO_DATE(TO_CHAR(PR.START_TIME,'DD/MM/YYYY HH24:MI:SS'),'DD/MM/YYYY HH24:MI:SS'))*24*60*60) as TIEMPOEXECM,
				    (CASE WHEN PR.PROCESSED_VOLUME IS NULL THEN 0 ELSE PR.PROCESSED_VOLUME END)-COUNT(PO.ERROR_CODES) AS QTDSUCCESS,
				    COUNT(PO.ERROR_CODES) AS QTDSFAIL,
				    JI.NAME AS PRODUCT_NAME, 
				    sysdate as EXTRACTIONDATE,
				    PR.USER_NAME AS usuario
				  FROM PMSSKD.PROCESS PR
				  INNER JOIN PMSSKD.JOB_INSTANCE JI ON JI.ID = PR.JOB_INSTANCE_ID
				  INNER JOIN BRAXTS_CFG.PROCESS_OPERATION PO ON PO.PROCESS_ID = PR.ID
				  WHERE PR.START_TIME < PR.END_TIME
				    AND PR.START_TIME BETWEEN trunc( :startdate )  and trunc(last_day( :startdate ))
				    AND PO.ERROR_CODES <> null
				  GROUP BY PR.ID, PR.START_TIME, PR.END_TIME, PR.PROCESSED_VOLUME, PO.ERROR_CODES, JI.NAME, PR.USER_NAME 
				  ORDER BY PR.ID DESC
				) SELECT  *
				FROM REPORTE_A 
			]]>
		</value>
	</query>
	<persistence>
		<repository>strp_report_job_policy_err</repository>
	</persistence>
</report>