<?xml version="1.0" encoding="ISO-8859-1"?>

<report name="CAM_AFS_00033" description="33 Reporte Detalle Novedades" category="Reportes Socio Internos">

	<provider name="com.bnpparibas.cardif.reportweb.commons.service.provider.file.CSVFileProvider" />
	<provider name="com.bnpparibas.cardif.reportweb.commons.service.provider.file.DefaultFileReportProvider" />
	
	<in>
		<parameter name="startDate" valuePattern="dd/MM/yyyy" type="DATE" description="Fecha Inicio" required="true" />
		<parameter name="endDate" valuePattern="dd/MM/yyyy" type="DATE" description="Fecha Fin" required="true" />
		<parameter name="socio" type="LIST" required="true" description="Socio" provider="pa.com.bnpparibas.cardif.reportweb.configuration.entity.parameter.provider.PartnerCollectionProvider" />
	</in>

	<query>
		<value>
			<![CDATA[
				WITH REPORTE_A AS (
				  SELECT /*+PARALLEL (5)*/
				    CCOPPD.PRODUCTLEGALREGSTRTNNBINPUT AS NUMERO_PRODUCTO,
				    PDCO.POD_POLICYNUMBER AS NUMERO_POLIZA,
				    CP.THIRDPARTYNBINPUT AS NUMERO_CEDULA,
				    CP.THIRDPARTYFULLNAMEINPUT AS NOMBRE_ASEGURADO,
				    PDCO.INITIALDATE AS FECHA_INICIO_VIGENCIA,
				    PDCO.FINISHDATE AS FECHA_FIN_VIGENCIA,
				    PDCO.AUDITDATE AS FECHA_PROCES_CANCEL,
				    nvl(nvl(
				      (select REN.PROTOCOLNBINPUT from BRAXTS_CFG.CCOXTPRENUNCIATIONEVENT REN where REN.PK = EDCO.IDDCOEVENT),
				      (select RES.PROTOCOLNBINPUT from BRAXTS_CFG.CCOXTPRESCINDINGEVENT RES where RES.PK = EDCO.IDDCOEVENT)),
				      (select ce.CLOSINGREASONTYPEVALUE from BRAXTS_CFG.CCOXTPCLOSINGEVENT ce where ce.PK = EDCO.IDDCOEVENT)) as NUMERO_CASUAL,   
				    nvl(nvl(
				      (select REN.REASONDESCINPUT from BRAXTS_CFG.CCOXTPRENUNCIATIONEVENT REN where REN.PK = EDCO.IDDCOEVENT),
				      (select RES.REASONDESCINPUT from BRAXTS_CFG.CCOXTPRESCINDINGEVENT RES where RES.PK = EDCO.IDDCOEVENT)),
				      (select ce.CLOSINGREASONTYPEINPUT from BRAXTS_CFG.CCOXTPCLOSINGEVENT ce where ce.PK = EDCO.IDDCOEVENT)) as MOTIVO_CANCELACION,   
				    lu.UPLD_EFF_DT as FECHA_CANCEL_SOCIO,   
				    nvl(nvl(
				      (select ren.REFUNDEFFECTIVEDATEINPUT from BRAXTS_CFG.CCOXTPRENUNCIATIONEVENT REN where REN.PK = EDCO.IDDCOEVENT),
				      (select res.REFUNDEFFECTIVEDATEINPUT from BRAXTS_CFG.CCOXTPRESCINDINGEVENT RES where RES.PK = EDCO.IDDCOEVENT)),
				      PDCO.FINISHDATE) as FECHANOVEDAD,   
				    nvl(nvl(
				      (select ren.CALCULTDREFUNDREFDATEINPUT from BRAXTS_CFG.CCOXTPRENUNCIATIONEVENT REN where REN.PK = EDCO.IDDCOEVENT),
				      (select res.CALCULTDREFUNDREFDATEINPUT from BRAXTS_CFG.CCOXTPRESCINDINGEVENT RES where RES.PK = EDCO.IDDCOEVENT)),
				      PDCO.FINISHDATE) as FECHA_CALCULADA_PIMS,
				    nvl((select -(abs(OP.AMOUNT)) from BRAXTS_CFG.OPENITEM OP where OP.OPERATIONPK = AGP.OPERATIONPK AND OP.ROL_ID = 112 ),0) AS VALOR_BRUTA_DEVOLVER,
				    nvl((select -(abs(TPMP.AMMOUNT)) from BRAXTS_CFG.THIRDPARTYMOVEMENTPOLICY TPMP where TPMP.OPERATIONPK=AGP.OPERATIONPK AND TPMP.ROL_ID=112 AND TPMP.CONCEPT='NetPremium'),0) AS VALOR_NETA_DEVOLVER 
				  FROM BRAXTS_CFG.AGREGATEDPOLICY AGP
				  INNER JOIN BRAXTS_CFG.POLICYDCO PDCO ON PDCO.OPERATIONPK = AGP.OPERATIONPK
				  INNER JOIN BRAXTS_CFG.CCOPTPPRODUCT CCOPPD ON CCOPPD.STATIC = AGP.PRODUCTID
				  INNER JOIN BRAXTS_CFG.PARTICIPATIONVERSION PV ON PV.AGREGATEDPARENTID = AGP.AGREGATEDPOLICYID AND PV.ROLEID = 112
				  INNER JOIN BRAXTS_CFG.CCOPTPTHIRDPARTY CP ON CP.STATIC = PV.THIRDPARTYID
				  INNER JOIN BRAXTS_CFG.EVENTDCO EDCO ON EDCO.OPERATIONPK = AGP.OPERATIONPK
				  INNER JOIN BRAXTS_CFG.AGREGATEDPOLICYTYPE AGPT ON AGPT.PRODUCTID = AGP.PRODUCTID
				  INNER JOIN BRAXTS_CFG.STPS_CONFROLETHIRDPARTY SCRTP ON SCRTP.CRTP_CONTAINERID = AGPT.AGREGATEDPOLICYID
				  INNER JOIN BRAXTS_CFG.CCOPTPTHIRDPARTY CCOPTP ON CCOPTP.STATIC = SCRTP.TPT_ID
				  left join BRAXTS_CFG.STPO_ASLPOLICYLOG stpo on stpo.ASLP_OPERATIONPK = AGP.OPERATIONPK 
				  left join UPLOAD.LIFE_UPL lu on lu.upld_id=stpo.ASL_PIMS_ID 
				  WHERE PDCO.AUDITDATE BETWEEN :startDate AND :endDate
				    AND CCOPTP.STATIC = :socio
				    AND PDCO.STATUS=2
				    AND PDCO.POLICY_STATE IN (13, 14, 5))
				SELECT NUMERO_PRODUCTO,NUMERO_POLIZA,NUMERO_CEDULA,NOMBRE_ASEGURADO,FECHA_INICIO_VIGENCIA,FECHA_FIN_VIGENCIA,FECHA_PROCES_CANCEL,NUMERO_CASUAL,MOTIVO_CANCELACION,FECHA_CANCEL_SOCIO,FECHANOVEDAD,FECHA_CALCULADA_PIMS,VALOR_BRUTA_DEVOLVER,VALOR_NETA_DEVOLVER,-(abs(VALOR_BRUTA_DEVOLVER-VALOR_NETA_DEVOLVER)) as iva
				from REPORTE_A
				group by NUMERO_PRODUCTO,NUMERO_POLIZA,NUMERO_CEDULA,NOMBRE_ASEGURADO,FECHA_INICIO_VIGENCIA,FECHA_FIN_VIGENCIA,FECHA_PROCES_CANCEL,NUMERO_CASUAL,MOTIVO_CANCELACION,FECHA_CANCEL_SOCIO,FECHANOVEDAD,FECHA_CALCULADA_PIMS,VALOR_BRUTA_DEVOLVER,VALOR_NETA_DEVOLVER
				order by NUMERO_PRODUCTO, NUMERO_POLIZA
			]]>
		</value>
	</query>

	<persistence>
		<repository>STRP_DETALLE_NOVEDADES</repository>
	</persistence>
</report>