<?xml version="1.0" encoding="ISO-8859-1"?>

<report name="CAM_AFS_00002" description="02 Respuesta Novedades" category="Reportes de Cargues">

	<provider name="pa.com.bnpparibas.cardif.reportweb.service.provider.fileProvider.ReporteArchivosRespuestaGlobalBank" />

	<in>
		<parameter name="id" type="TEXT" required="true" description="Id Upload : " />
	</in>

	<query>
		<value>
		<![CDATA[
		//2017.03.09 - Gallegogu - Ajuste en el upload de novedades para Scotia Bank
		/*SELECT
		LTRIM(RTRIM(UPLD_PRD_COD)) ||';'||
		LTRIM(RTRIM(UPLD_AUX_FLD_02)) ||';'||
		LTRIM(RTRIM(UPLD_AUX_FLD_01)) ||';'||
		LTRIM(RTRIM(TO_CHAR(UPLD_EFF_DT, 'DDMMYYYY'))) ||';'||
		LTRIM(RTRIM(CASE NVL(UPLD_CTR_PTN_NBR,'0') WHEN '0' THEN UPLD_AUX_FLD_26 ELSE UPLD_CTR_PTN_NBR END)) ||';'||
		LTRIM(RTRIM(UPLD_AUX_FLD_03)) ||';'||
		LTRIM(RTRIM(CASE 
			--2016.10.24 vargasfa COAASDK-14552 Reporte Soluci�n COAASDK-14273
			--WHEN UPPER(ST.DESCRIPTION) = 'RENOUNCED' THEN 0
			//
			WHEN LFP.FILEPRC_PRT_FLE_NME LIKE 'CB%' THEN 0
			WHEN LFP.FILEPRC_PRT_FLE_NME LIKE 'SS%' THEN 0
			//
			// 2016.11.21 vargasfa COAASDK-15126 Ajuste respuesta de novedades - Global Bank
			--WHEN UPLD_ERR_NME = 'Operacion procesada con exito' THEN nvl(TPMP.AMMOUNT,0)
			//
			WHEN UPLD_ERR_NME = 'Operacion procesada con exito' THEN TRUNC(nvl(TPMP.AMMOUNT,0), 2)
			//
			WHEN UPLD_ERR_NME <> 'Operacion procesada con exito' THEN NULL END)) ||''||
		LTRIM(RTRIM(CASE WHEN UPLD_ERR_NME = 'Operacion procesada con exito' THEN NULL 
			WHEN UPLD_ERR_NME <> 'Operacion procesada con exito' THEN UPLD_ERR_NME END)) AS RESULTADO
			FROM UPLOAD.LIFE_UPL LU
			// 2016.10.24 vargasfa COAASDK-14552 Reporte Soluci�n COAASDK-14273
			//			  
			INNER JOIN UPLOAD.LIFE_FLE_PRC LFP ON LU.FILEPRC_ID = LFP.FILEPRC_ID
			//
			INNER JOIN STPO_ASLPOLICYLOG ASPL ON ASPL.ASL_PIMS_ID = LU.UPLD_ID AND ASPL.ASLF_ID=(SELECT MAX(STPO.ASLF_ID) FROM STPO_ASLPOLICYLOG STPO
				WHERE STPO.ASL_PIMS_ID = LU.UPLD_ID)
			LEFT JOIN POLICYDCO PO ON po.OPERATIONPK=ASPL.ASLP_OPERATIONPK
			LEFT JOIN THIRDPARTYMOVEMENTPOLICY TPMP ON TPMP.OPERATIONPK = ASPL.ASLP_OPERATIONPK AND TPMP.CONCEPT = 'GrossPremium'
			JOIN BRAXTS_CFG.STATE ST ON ST.STATEID=PO.STATEID		
				WHERE LU.FILEPRC_ID = :id*/
			SELECT 
				LTRIM(RTRIM(UPLD_PRD_COD)) ||';'||
				LTRIM(RTRIM(UPLD_AUX_FLD_02)) ||';'||
				LTRIM(RTRIM(UPLD_AUX_FLD_01)) ||';'||
				LTRIM(RTRIM(TO_CHAR(UPLD_EFF_DT, 'DDMMYYYY')))||';'||
				LTRIM(RTRIM(nvl(NVL(UPLD_CTR_PTN_NBR,UPLD_AUX_FLD_26),UPLD_CTR_PTN_NBR)))||';'||
				LTRIM(RTRIM(UPLD_AUX_FLD_03)) ||';'||
				case 
					when UPLD_PRD_COD like '55%' and UPLD_AUX_FLD_02='1' then '0'
					when UPLD_PRD_COD like '54%' and UPLD_AUX_FLD_02='1'  then '0'
					else nvl(to_char(TRUNC(op.AMOUNT,2)),'0')
				end  ||
				case 
					when UPLD_PRD_COD like '54%' then ';'
				else '' end  
			AS RESULTADO
			FROM UPLOAD.LIFE_UPL A 
				inner join BRAXTS_CFG.STPO_ASLPOLICYLOG stpo on stpo.ASL_PIMS_ID=A.UPLD_ID
				left join BRAXTS_CFG.openitem op on op.OPERATIONPK=stpo.ASLP_OPERATIONPK and op.ROL_ID=112
				WHERE A.FILEPRC_ID in (:id) and a.UPLD_ERR_NME='Operacion procesada con exito' and stpo.ASLP_ERRORMESSAGE like 'Policy % change was processed'
			UNION
			SELECT 
				LTRIM(RTRIM(UPLD_PRD_COD)) ||';'||
				LTRIM(RTRIM(UPLD_AUX_FLD_02)) ||';'||
				LTRIM(RTRIM(UPLD_AUX_FLD_01)) ||';'||
				LTRIM(RTRIM(TO_CHAR(UPLD_EFF_DT, 'DDMMYYYY')))||';'||
				LTRIM(RTRIM(nvl(NVL(UPLD_CTR_PTN_NBR,UPLD_AUX_FLD_26),UPLD_CTR_PTN_NBR)))||';'||
				LTRIM(RTRIM(UPLD_AUX_FLD_03)) ||';'||
				UPLD_ERR_NME||
				case 
				when UPLD_PRD_COD like '54%' then ';'
				else '' end 
			AS RESULTADO
			FROM UPLOAD.LIFE_UPL A 
				LEFT join BRAXTS_CFG.STPO_ASLPOLICYLOG stpo on stpo.ASL_PIMS_ID=A.UPLD_ID
				WHERE A.FILEPRC_ID in (:id) AND (a.UPLD_ERR_NME<>'Operacion procesada con exito' 
				OR a.UPLD_ERR_NME is null) AND (stpo.ASLP_ERRORMESSAGE not like 'Policy % change was processed' or stpo.ASLP_ERRORMESSAGE is null)]]>
		</value>
	</query>

	<persistence>
		<repository>STRP_RESPONSEUPLOADS</repository>
	</persistence>
</report>