<?xml version="1.0" encoding="ISO-8859-1"?>

<report name="CAM_AFS_00006" description="06 Respuesta Novedades" category="Reportes Socio Internos">

	<provider
		name="com.bnpparibas.cardif.reportweb.commons.service.provider.dbf.DbfProvider" />

	<in>
		<parameter name="id" type="TEXT" required="true" description="Id Upload : " />
	</in>

	<query>
		<value>
		SELECT
			PO.OPERATIONPK AS PK,
			UPLD_PRD_COD AS Codigo_Producto,
			UPLD_AUX_FLD_02 AS Tipo_Novedad,
			UPLD_AUX_FLD_01 AS Causal_Novedad,
			UPLD_EFF_DT AS FechaEfecto,
			CASE NVL(UPLD_CTR_PTN_NBR,'0')
				WHEN '0' THEN UPLD_AUX_FLD_26
				ELSE UPLD_CTR_PTN_NBR
			END AS CODIGO_UNICO_PRODUCTO,
			UPLD_AUX_FLD_03 AS ID_Unico_Cliente,
			CASE
				WHEN UPPER(ST.DESCRIPTION) = 'RENOUNCED' THEN '0'
				WHEN TH.OPERATIONPK IS NULL OR UPLD_ERR_NME != 'Operacion procesada con exito' THEN '0'
				ELSE TO_CHAR(TH.AMMOUNT)
			END AS Valor_Devolucion,
			CASE
				WHEN UPLD_ERR_NME = 'Operacion procesada con exito' THEN ''
				ELSE UPLD_ERR_NME
				END AS Causal_Rechazo
			FROM UPLOAD.LIFE_UPL A
			INNER JOIN UPLOAD.LIFE_FLE_PRC B ON A.FILEPRC_ID = B.FILEPRC_ID
      		LEFT JOIN STPO_ASLPOLICYLOG SAPL ON SAPL.ASL_PIMS_ID=A.UPLD_ID
			LEFT JOIN POLICYDCO PO ON po.OPERATIONPK=sapl.ASLP_OPERATIONPK
			LEFT JOIN THIRDPARTYMOVEMENTPOLICY TH ON TH.OPERATIONPK = PO.OPERATIONPK AND TH.CONCEPT = 'GrossPremium'
			JOIN BRAXTS_CFG.STATE ST ON ST.STATEID=PO.STATEID
			WHERE A.FILEPRC_ID = :id
		</value>
	</query>

	<persistence>
		<repository>STRP_NOVEDADESGI</repository>
	</persistence>
</report>