<?xml version="1.0" encoding="ISO-8859-1"?>

<report name="CAM_AFS_00014" description="14 Siniestos - Objetados" category="Reportes Socio">

	<provider name="com.bnpparibas.cardif.reportweb.commons.service.provider.file.CSVFileProvider" />
	<provider name="com.bnpparibas.cardif.reportweb.commons.service.provider.jasper.PDFProvider" />

	<in>
		<parameter name="startDate" valuePattern="dd/MM/yyyy" type="STARTDATE" description="Fecha Inicio" required="true" />
		<parameter name="endDate" valuePattern="dd/MM/yyyy" type="ENDDATE" description="Fecha Fin" required="true" />
		<parameter name="socio" type="LIST" required="true" description="Socio" provider="com.bnpparibas.cardif.reportweb.configuration.entity.parameter.provider.PartnerCollectionProvider" />
	</in>

	<query>
		<value>
		
		<!--2017.08.18 - Gallegogu - COAASDK-27179 Error Report Web-->
		<!--
		WITH REPORTE_A AS (
		SELECT
		CRA2.AMOUNT AS RESERVA_INICIAL,
		CRA2.CLAIMRESERVEID AS ID_RESERVA,
		CRA2.TYPE
		FROM CLAIMRESERVEADJUST CRA2
		WHERE CRA2.TYPE = 'INITIAL'
		GROUP BY CRA2.AMOUNT , CRA2.CLAIMRESERVEID, CRA2.TYPE
		ORDER BY 2 ASC),
		
		REPORTE_B AS (
		SELECT 
		/*+ PARALLEL(5) */
		DISTINCT
		CL.CLAIMNUMBER || CCOV.COVERNAMEINPUT AS LLAVE_SINIESTRO,
		CCTHP2.THIRDPARTYFULLNAMEINPUT AS SOCIO,
		CL.CLAIMNUMBER AS SINIESTRO,
		NP.FIRSTNAMEINPUT AS PRIMER_NOMBRE,
		NP.MIDDLENAMEINPUT AS SEGUNDO_NOMBRE,
		NP.SURNAMEINPUT AS PRIMER_APELLIDO,
		NP.MOTHERNAMEINPUT AS SEGUNDO_APELLIDO,
		CCTHP3.THIRDPARTYNBINPUT AS DOC_ASEGURADO,
		CCOV.COVERNAMEINPUT AS COBERTURA,
		CCOV.COVERBUSINESSLINECODEINPUT AS COD_RAMO,
		PDCO.POD_POLICYNUMBER AS NRO_CERTIFICADO,
		TO_CHAR(CRA.DATECLAIMRESERVEADJUSTID,'dd/MM/yyyy HH24:MM:SS') AS FECHA_MOVIMIENTO,
		CRA.AMOUNT AS VLR_MOVIMIENTO,
		CRA.TYPE AS TIPO_MOVIMIENTO,
		NULL AS CONCEPTO_PAGO,
		CCOV.COVERBUSINESSLINENAMEINPUT AS NOMBRE_RAMO,
		CLD.CLAIMDECLARATIONDATEINPUT AS FECHA_DECLARACION,
		CLD.DECLARATIONRECPTNDATEINPUT AS FECHA_AVISO_A_CARDIF,
		TO_CHAR(ST.CLD_OCCURRENCEDATE, 'DD/MM/YY HH:MM:SS') AS FECHA_OCURRENCIA_SINIESTRO,
		CASE
		WHEN TD1.ORIGINEVENTTYPEINPUT IS NOT NULL THEN TD1.ORIGINEVENTTYPEINPUT
		WHEN TD2.ORIGINEVENTTYPEINPUT IS NOT NULL THEN TD2.ORIGINEVENTTYPEINPUT
		WHEN TD3.ORIGINEVENTTYPEINPUT IS NOT NULL THEN TD3.ORIGINEVENTTYPEINPUT
		WHEN TD4.ORIGINEVENTTYPEINPUT IS NOT NULL THEN TD4.ORIGINEVENTTYPEINPUT
		WHEN TD5.ORIGINEVENTTYPEINPUT IS NOT NULL THEN TD5.ORIGINEVENTTYPEINPUT
		WHEN TD6.ORIGINEVENTTYPEINPUT IS NOT NULL THEN TD6.ORIGINEVENTTYPEINPUT
		WHEN TD7.ORIGINEVENTTYPEINPUT IS NOT NULL THEN TD7.ORIGINEVENTTYPEINPUT
		WHEN TD8.ORIGINEVENTTYPEINPUT IS NOT NULL THEN TD8.ORIGINEVENTTYPEINPUT
		WHEN TD9.ORIGINEVENTTYPEINPUT IS NOT NULL THEN TD9.ORIGINEVENTTYPEINPUT
		WHEN TD10.ORIGINEVENTTYPEINPUT IS NOT NULL THEN TD10.ORIGINEVENTTYPEINPUT
		WHEN TD11.ORIGINEVENTTYPEINPUT IS NOT NULL THEN TD11.ORIGINEVENTTYPEINPUT
		WHEN TD12.ORIGINEVENTTYPEINPUT IS NOT NULL THEN TD12.ORIGINEVENTTYPEINPUT
		ELSE NULL
		END AS DESCRIPCION_CAUSA_SINIESTRO,
		TO_CHAR(PDCO.INITIALDATE, 'DD/MM/YY HH:MM:SS') AS FECDESEM,
		'100' AS PORCEASEG,
		CR.CLAIMREASONTYPEINPUT AS CAUSALOBJECION,
		CL.CLAIMNUMBER || CCOV.COVERNAMEINPUT || CRA.TYPE AS LLAVE,
		CRA2.RESERVA_INICIAL AS RESERVA_INICIAL,
		'0' AS ALTURA_PAGO,
		'AJUSTES' AS TIPO_INFORME,
		TO_CHAR(SYSDATE, 'DD/MM/YY HH:MM:SS') AS FECHA_REPORTE,
		EXP.AMOUNT AS GASTOS_U_HONORARIOS,
		CASE UPPER(CL.CLAIMNUMBER)
		WHEN '1'
		THEN 'Si'
		ELSE 'No' END AS JUDICIAL ,
		CRA.CLAIMRESERVEADJUSTID AS ID,
		CPROD.PRODUCTLEGALREGSTRTNNBINPUT AS COD_CONTABLE
			FROM STCL_CLAIMOPERATIONHISTORY HIST          
			INNER JOIN CLAIM CL ON CL.CLAIMID = HIST.CLA_ID
			LEFT JOIN CCOXTPCLAIMREFUSAL CR ON CR.STATIC = HIST.COH_ID
			INNER JOIN CLAIMRISKUNIT CLRU ON CLRU.CLAIMID = CL.CLAIMID
			INNER JOIN STCL_DECLARATION ST ON CL.CLD_ID=ST.CLD_ID
			INNER JOIN CCOXTPCLAIMDECLARATION CLD ON CLD.STATIC = ST.CLD_ID
			LEFT JOIN EXPENSE EXP ON EXP.CLAIMID = CL.CLAIMID
			INNER JOIN CLAIMINSURANCEOBJECT CLIO ON CLIO.CLAIMRISKUNITID = CLRU.CLAIMRISKUNITID
			INNER JOIN CLAIMNORMALRESERVE CNR ON CNR.CLAIMINSURANCEOBJECTID = CLIO.CLAIMINSURANCEOBJECTID
			INNER JOIN CLAIMRESERVEADJUST CRA ON CRA.CLAIMRESERVEID = CNR.CLAIMNORMALRESERVEDID
			LEFT JOIN REPORTE_A CRA2 ON CRA2.ID_RESERVA = CNR.CLAIMNORMALRESERVEDID
			LEFT JOIN PAYMENTORDER PO ON PO.FKRESERVE = CNR.CLAIMNORMALRESERVEDID
			INNER JOIN CCOXTPCOVERAGE CCOV ON CCOV.STATIC = CNR.EVALUATEDCOVERAGEID
			INNER JOIN INSURANCEOBJECTPARTICIPATION IOP ON IOP.AGREGATEDINSURANCEOBJECTID = CLIO.AGREGATEDINSURANCEOBJECTID
			INNER JOIN PARTICIPATIONVERSIONINSURANCE PVI ON PVI.AGREGATEDOBJECTID = IOP.PARTICIPATIONID
			INNER JOIN PARTICIPATIONVERSIONINSURANCE PVI2 ON PVI2.AGREGATEDOBJECTID = PVI.AGREGATEDOBJECTID AND PVI.ROL_ID = 110
			INNER JOIN AGREGATEDPOLICY AP ON CL.POLICYID = AP.AGREGATEDPOLICYID
        	INNER JOIN POLICYDCO PDCO ON PDCO.OPERATIONPK = AP.OPERATIONPK
        	INNER JOIN PRODUCT P ON P.PRODUCTID = AP.PRODUCTID
        	INNER JOIN CCOPTPPRODUCT CPROD ON CPROD.STATIC = P.PRODUCTID
        	INNER JOIN STATE ST ON ST.STATEID = PDCO.STATEID		       	
          	INNER JOIN AGREGATEDPOLICYTYPE AGPT ON AGPT.PRODUCTID = P.PRODUCTID 
      		INNER JOIN STPS_CONFROLETHIRDPARTY SCRTP ON SCRTP.CRTP_CONTAINERID = AGPT.AGREGATEDPOLICYID
      		INNER JOIN PARTICIPATIONVERSION PV ON PV.AGREGATEDPARENTID = PDCO.AGREGATEDOBJECTID
      		INNER JOIN CCOPTPTHIRDPARTY CCTHP ON CCTHP.STATIC = PV.THIRDPARTYID
      		INNER JOIN CCOPTPTHIRDPARTY CCTHP3 ON CCTHP3.STATIC = PVI.THIRDPARTYID
      		INNER JOIN CCOPTPTHIRDPARTY CCTHP2 ON CCTHP2.STATIC = SCRTP.TPT_ID
        	INNER JOIN NATURALPERSON NP ON CCTHP3.STATIC = NP.STATIC
        	INNER JOIN STTE_THIRDPARTYADDRESSBOOK PAYEE_AB ON PAYEE_AB.TPT_ID = CCTHP3.STATIC
        	INNER JOIN CCOXTPPOSTALADDRESS CPA ON CPA.PK = PAYEE_AB.IDDCO
			LEFT JOIN THIRDPARTYPAYMENTMODE TPPM ON TPPM.THIRDPARTYID = PO.THIRDPARTYID AND TPPM.STATUS = 'active'
			LEFT JOIN PAYMENTBANKACNT PBA ON PBA.PK = TPPM.DCOPK AND PBA.PAYMENTTRANSACTIONTYPEINPUT = 'Claim Benefit Payment'
			LEFT JOIN CCOXTPDEATHEVT TD1 ON TD1.STATIC = CLD.STATIC
			LEFT JOIN CCOXTPDISABILITYEVT TD2 ON TD2.STATIC = CLD.STATIC
			LEFT JOIN CCOXTPUNEMPLOYMENTEVT TD3 ON TD3.STATIC = CLD.STATIC
			LEFT JOIN CCOXTPHOSPITALIZATIONEVT TD4 ON TD4.STATIC = CLD.STATIC
			LEFT JOIN CCOXTPFRAUDULENTUSEEVT TD5 ON TD5.STATIC = CLD.STATIC
			LEFT JOIN CCOXTPROBBERYEVT TD6 ON TD6.STATIC = CLD.STATIC
			LEFT JOIN CCOXTPDREADDISEASEEVT TD7 ON TD7.STATIC = CLD.STATIC
			LEFT JOIN CCOXTPFIRELGHTNGEXPLSNEVT TD8 ON TD8.STATIC = CLD.STATIC
			LEFT JOIN CCOXTPEXTENDEDWARRANTYEVT TD9 ON TD9.STATIC = CLD.STATIC
			LEFT JOIN CCOXTPGAPEVT TD10 ON TD10.STATIC = CLD.STATIC
			LEFT JOIN CCOXTPEVENTSLIFEEVT TD11 ON TD11.STATIC = CLD.STATIC
			LEFT JOIN CCOXTPPHYSICALDAMAGEEVT TD12 ON TD12.STATIC = CLD.STATIC
				WHERE TO_CHAR(TO_DATE(CRA.DATECLAIMRESERVEADJUSTID,'dd/MM/yyyy')) BETWEEN (:startDate) AND (:endDate)
				AND CCTHP2.STATIC = :socio
				AND CR.CLAIMREASONTYPEINPUT IS NOT NULL
				ORDER BY 3,12 ASC),
		
			REPORTE_C AS (
			SELECT
			LLAVE_SINIESTRO,
			SOCIO,
			SINIESTRO,
			PRIMER_NOMBRE,
			SEGUNDO_NOMBRE,
			PRIMER_APELLIDO,
			SEGUNDO_APELLIDO,
			DOC_ASEGURADO,
			COBERTURA,
			COD_RAMO,
			NRO_CERTIFICADO,
			FECHA_MOVIMIENTO,
			VLR_MOVIMIENTO,
			TIPO_MOVIMIENTO,
			CONCEPTO_PAGO,
			NOMBRE_RAMO,
			FECHA_DECLARACION,
			FECHA_AVISO_A_CARDIF,
			FECHA_OCURRENCIA_SINIESTRO,
			DESCRIPCION_CAUSA_SINIESTRO,
			FECDESEM,
			PORCEASEG,
			CAUSALOBJECION,
			LLAVE,
			RESERVA_INICIAL,
			ALTURA_PAGO,
			TIPO_INFORME,
			FECHA_REPORTE,
			GASTOS_U_HONORARIOS,
			JUDICIAL,
			RANK() OVER (PARTITION BY SINIESTRO ORDER BY SINIESTRO,ID DESC) AS RANGO,
			COD_CONTABLE
				FROM REPORTE_B)
			
			SELECT
			LLAVE_SINIESTRO,
			SOCIO,
			SINIESTRO,
			PRIMER_NOMBRE,
			SEGUNDO_NOMBRE,
			PRIMER_APELLIDO,
			SEGUNDO_APELLIDO,
			DOC_ASEGURADO,
			COBERTURA,
			COD_RAMO,
			NRO_CERTIFICADO,
			FECHA_MOVIMIENTO,
			VLR_MOVIMIENTO,
			TIPO_MOVIMIENTO,
			CONCEPTO_PAGO,
			NOMBRE_RAMO,
			FECHA_DECLARACION,
			FECHA_AVISO_A_CARDIF,
			FECHA_OCURRENCIA_SINIESTRO,
			DESCRIPCION_CAUSA_SINIESTRO,
			FECDESEM,
			PORCEASEG,
			CAUSALOBJECION,
			LLAVE,
			RESERVA_INICIAL,
			ALTURA_PAGO,
			TIPO_INFORME,
			FECHA_REPORTE,
			GASTOS_U_HONORARIOS,
			JUDICIAL,
			COD_CONTABLE
				FROM REPORTE_C
					WHERE RANGO = 1 AND TIPO_MOVIMIENTO = 'REJECTION'
					-->
					 WITH REPORTE_A AS (
                SELECT
                CRA2.AMOUNT AS RESERVA_INICIAL,
                CRA2.CLAIMRESERVEID AS ID_RESERVA,
                CRA2.TYPE
                FROM CLAIMRESERVEADJUST CRA2
                WHERE CRA2.TYPE = 'INITIAL'
                GROUP BY CRA2.AMOUNT , CRA2.CLAIMRESERVEID, CRA2.TYPE
                ORDER BY 2 ASC),
                
                REPORTE_B AS (
                SELECT 
                /*+ PARALLEL(5) */
                DISTINCT
                CL.CLAIMNUMBER || CCOV.COVERNAMEINPUT AS LLAVE_SINIESTRO,
                CCTHP2.THIRDPARTYFULLNAMEINPUT AS SOCIO,
                CL.CLAIMNUMBER AS SINIESTRO,
                NP.FIRSTNAMEINPUT AS PRIMER_NOMBRE,
                NP.MIDDLENAMEINPUT AS SEGUNDO_NOMBRE,
                NP.SURNAMEINPUT AS PRIMER_APELLIDO,
                NP.MOTHERNAMEINPUT AS SEGUNDO_APELLIDO,
                CCTHP3.THIRDPARTYNBINPUT AS DOC_ASEGURADO,
                CCOV.COVERNAMEINPUT AS COBERTURA,
                CCOV.COVERBUSINESSLINECODEINPUT AS COD_RAMO,
                PDCO.POD_POLICYNUMBER AS NRO_CERTIFICADO,
                TO_CHAR(CRA.DATECLAIMRESERVEADJUSTID,'dd/MM/yyyy HH24:MM:SS') AS FECHA_MOVIMIENTO,
                CRA.AMOUNT AS VLR_MOVIMIENTO,
                CRA.TYPE AS TIPO_MOVIMIENTO,
                NULL AS CONCEPTO_PAGO,
                CCOV.COVERBUSINESSLINENAMEINPUT AS NOMBRE_RAMO,
                CLD.CLAIMDECLARATIONDATEINPUT AS FECHA_DECLARACION,
                CLD.DECLARATIONRECPTNDATEINPUT AS FECHA_AVISO_A_CARDIF,
                TO_CHAR(ST.CLD_OCCURRENCEDATE, 'DD/MM/YY HH:MM:SS') AS FECHA_OCURRENCIA_SINIESTRO,
                CASE
                WHEN TD1.ORIGINEVENTTYPEINPUT IS NOT NULL THEN TD1.ORIGINEVENTTYPEINPUT
                WHEN TD2.ORIGINEVENTTYPEINPUT IS NOT NULL THEN TD2.ORIGINEVENTTYPEINPUT
                WHEN TD3.ORIGINEVENTTYPEINPUT IS NOT NULL THEN TD3.ORIGINEVENTTYPEINPUT
                WHEN TD4.ORIGINEVENTTYPEINPUT IS NOT NULL THEN TD4.ORIGINEVENTTYPEINPUT
                WHEN TD5.ORIGINEVENTTYPEINPUT IS NOT NULL THEN TD5.ORIGINEVENTTYPEINPUT
                WHEN TD6.ORIGINEVENTTYPEINPUT IS NOT NULL THEN TD6.ORIGINEVENTTYPEINPUT
                WHEN TD7.ORIGINEVENTTYPEINPUT IS NOT NULL THEN TD7.ORIGINEVENTTYPEINPUT
                WHEN TD8.ORIGINEVENTTYPEINPUT IS NOT NULL THEN TD8.ORIGINEVENTTYPEINPUT
                WHEN TD9.ORIGINEVENTTYPEINPUT IS NOT NULL THEN TD9.ORIGINEVENTTYPEINPUT
                WHEN TD10.ORIGINEVENTTYPEINPUT IS NOT NULL THEN TD10.ORIGINEVENTTYPEINPUT
                WHEN TD11.ORIGINEVENTTYPEINPUT IS NOT NULL THEN TD11.ORIGINEVENTTYPEINPUT
                WHEN TD12.ORIGINEVENTTYPEINPUT IS NOT NULL THEN TD12.ORIGINEVENTTYPEINPUT
                ELSE NULL
                END AS DESCRIPCION_CAUSA_SINIESTRO,
                TO_CHAR(PDCO.INITIALDATE, 'DD/MM/YY HH:MM:SS') AS FECDESEM,
                '100' AS PORCEASEG,
                CR.CLAIMREFUSALREASONTYPEINPUT AS CAUSALOBJECION,
                CL.CLAIMNUMBER || CCOV.COVERNAMEINPUT || CRA.TYPE AS LLAVE,
                CRA2.RESERVA_INICIAL AS RESERVA_INICIAL,
                '0' AS ALTURA_PAGO,
                'AJUSTES' AS TIPO_INFORME,
                TO_CHAR(SYSDATE, 'DD/MM/YY HH:MM:SS') AS FECHA_REPORTE,
                EXP.AMOUNT AS GASTOS_U_HONORARIOS,
                CASE UPPER(CL.CLAIMNUMBER)
                WHEN '1'
                THEN 'Si'
                ELSE 'No' END AS JUDICIAL ,
                CRA.CLAIMRESERVEADJUSTID AS ID,
                CPROD.PRODUCTLEGALREGSTRTNNBINPUT AS COD_CONTABLE
                        FROM STCL_CLAIMOPERATIONHISTORY HIST          
                        INNER JOIN CLAIM CL ON CL.CLAIMID = HIST.CLA_ID
                        LEFT JOIN CCOXTPCLAIMREFUSAL CR ON CR.STATIC = HIST.COH_ID
                        INNER JOIN CLAIMRISKUNIT CLRU ON CLRU.CLAIMID = CL.CLAIMID
                        INNER JOIN STCL_DECLARATION ST ON CL.CLD_ID=ST.CLD_ID
                        INNER JOIN CCOXTPCLAIMDECLARATION CLD ON CLD.STATIC = ST.CLD_ID
                        LEFT JOIN EXPENSE EXP ON EXP.CLAIMID = CL.CLAIMID
                        INNER JOIN CLAIMINSURANCEOBJECT CLIO ON CLIO.CLAIMRISKUNITID = CLRU.CLAIMRISKUNITID
                        INNER JOIN CLAIMNORMALRESERVE CNR ON CNR.CLAIMINSURANCEOBJECTID = CLIO.CLAIMINSURANCEOBJECTID
                        INNER JOIN CLAIMRESERVEADJUST CRA ON CRA.CLAIMRESERVEID = CNR.CLAIMNORMALRESERVEDID
                        LEFT JOIN REPORTE_A CRA2 ON CRA2.ID_RESERVA = CNR.CLAIMNORMALRESERVEDID
                        LEFT JOIN PAYMENTORDER PO ON PO.FKRESERVE = CNR.CLAIMNORMALRESERVEDID
                        INNER JOIN CCOXTPCOVERAGE CCOV ON CCOV.STATIC = CNR.EVALUATEDCOVERAGEID
                        INNER JOIN INSURANCEOBJECTPARTICIPATION IOP ON IOP.AGREGATEDINSURANCEOBJECTID = CLIO.AGREGATEDINSURANCEOBJECTID
                        INNER JOIN PARTICIPATIONVERSIONINSURANCE PVI ON PVI.AGREGATEDOBJECTID = IOP.PARTICIPATIONID
                        INNER JOIN PARTICIPATIONVERSIONINSURANCE PVI2 ON PVI2.AGREGATEDOBJECTID = PVI.AGREGATEDOBJECTID AND PVI.ROL_ID = 110
                        INNER JOIN AGREGATEDPOLICY AP ON CL.POLICYID = AP.AGREGATEDPOLICYID
                INNER JOIN POLICYDCO PDCO ON PDCO.OPERATIONPK = AP.OPERATIONPK
                INNER JOIN PRODUCT P ON P.PRODUCTID = AP.PRODUCTID
                INNER JOIN CCOPTPPRODUCT CPROD ON CPROD.STATIC = P.PRODUCTID
                INNER JOIN STATE ST ON ST.STATEID = PDCO.STATEID                        
                INNER JOIN AGREGATEDPOLICYTYPE AGPT ON AGPT.PRODUCTID = P.PRODUCTID 
                INNER JOIN STPS_CONFROLETHIRDPARTY SCRTP ON SCRTP.CRTP_CONTAINERID = AGPT.AGREGATEDPOLICYID
                INNER JOIN PARTICIPATIONVERSION PV ON PV.AGREGATEDPARENTID = PDCO.AGREGATEDOBJECTID
                INNER JOIN CCOPTPTHIRDPARTY CCTHP ON CCTHP.STATIC = PV.THIRDPARTYID
                INNER JOIN CCOPTPTHIRDPARTY CCTHP3 ON CCTHP3.STATIC = PVI.THIRDPARTYID
                INNER JOIN CCOPTPTHIRDPARTY CCTHP2 ON CCTHP2.STATIC = SCRTP.TPT_ID
                INNER JOIN NATURALPERSON NP ON CCTHP3.STATIC = NP.STATIC
                INNER JOIN STTE_THIRDPARTYADDRESSBOOK PAYEE_AB ON PAYEE_AB.TPT_ID = CCTHP3.STATIC
                INNER JOIN CCOXTPPOSTALADDRESS CPA ON CPA.PK = PAYEE_AB.IDDCO
                        LEFT JOIN THIRDPARTYPAYMENTMODE TPPM ON TPPM.THIRDPARTYID = PO.THIRDPARTYID AND TPPM.STATUS = 'active'
                        LEFT JOIN PAYMENTBANKACNT PBA ON PBA.PK = TPPM.DCOPK AND PBA.PAYMENTTRANSACTIONTYPEINPUT = 'Claim Benefit Payment'
                        LEFT JOIN CCOXTPDEATHEVT TD1 ON TD1.STATIC = CLD.STATIC
                        LEFT JOIN CCOXTPDISABILITYEVT TD2 ON TD2.STATIC = CLD.STATIC
                        LEFT JOIN CCOXTPUNEMPLOYMENTEVT TD3 ON TD3.STATIC = CLD.STATIC
                        LEFT JOIN CCOXTPHOSPITALIZATIONEVT TD4 ON TD4.STATIC = CLD.STATIC
                        LEFT JOIN CCOXTPFRAUDULENTUSEEVT TD5 ON TD5.STATIC = CLD.STATIC
                        LEFT JOIN CCOXTPROBBERYEVT TD6 ON TD6.STATIC = CLD.STATIC
                        LEFT JOIN CCOXTPDREADDISEASEEVT TD7 ON TD7.STATIC = CLD.STATIC
                        LEFT JOIN CCOXTPFIRELGHTNGEXPLSNEVT TD8 ON TD8.STATIC = CLD.STATIC
                        LEFT JOIN CCOXTPEXTENDEDWARRANTYEVT TD9 ON TD9.STATIC = CLD.STATIC
                        LEFT JOIN CCOXTPGAPEVT TD10 ON TD10.STATIC = CLD.STATIC
                        LEFT JOIN CCOXTPEVENTSLIFEEVT TD11 ON TD11.STATIC = CLD.STATIC
                        LEFT JOIN CCOXTPPHYSICALDAMAGEEVT TD12 ON TD12.STATIC = CLD.STATIC
                                WHERE TO_CHAR(TO_DATE(CRA.DATECLAIMRESERVEADJUSTID,'dd/MM/yyyy')) BETWEEN (to_date('01/06/2017', 'dd/MM/yyyy')) AND (to_date('18/08/2017', 'dd/MM/yyyy'))
                                AND CCTHP2.STATIC = 11025229
                                AND CR.CLAIMREFUSALREASONTYPEINPUT IS NOT NULL
                                ORDER BY 3,12 ASC),
                
                        REPORTE_C AS (
                        SELECT
                        LLAVE_SINIESTRO,
                        SOCIO,
                        SINIESTRO,
                        PRIMER_NOMBRE,
                        SEGUNDO_NOMBRE,
                        PRIMER_APELLIDO,
                        SEGUNDO_APELLIDO,
                        DOC_ASEGURADO,
                        COBERTURA,
                        COD_RAMO,
                        NRO_CERTIFICADO,
                        FECHA_MOVIMIENTO,
                        VLR_MOVIMIENTO,
                        TIPO_MOVIMIENTO,
                        CONCEPTO_PAGO,
                        NOMBRE_RAMO,
                        FECHA_DECLARACION,
                        FECHA_AVISO_A_CARDIF,
                        FECHA_OCURRENCIA_SINIESTRO,
                        DESCRIPCION_CAUSA_SINIESTRO,
                        FECDESEM,
                        PORCEASEG,
                        CAUSALOBJECION,
                        LLAVE,
                        RESERVA_INICIAL,
                        ALTURA_PAGO,
                        TIPO_INFORME,
                        FECHA_REPORTE,
                        GASTOS_U_HONORARIOS,
                        JUDICIAL,
                        RANK() OVER (PARTITION BY SINIESTRO ORDER BY SINIESTRO,ID DESC) AS RANGO,
                        COD_CONTABLE
                                FROM REPORTE_B)
                        
                        SELECT
                        LLAVE_SINIESTRO,
                        SOCIO,
                        SINIESTRO,
                        PRIMER_NOMBRE,
                        SEGUNDO_NOMBRE,
                        PRIMER_APELLIDO,
                        SEGUNDO_APELLIDO,
                        DOC_ASEGURADO,
                        COBERTURA,
                        COD_RAMO,
                        NRO_CERTIFICADO,
                        FECHA_MOVIMIENTO,
                        VLR_MOVIMIENTO,
                        TIPO_MOVIMIENTO,
                        CONCEPTO_PAGO,
                        NOMBRE_RAMO,
                        FECHA_DECLARACION,
                        FECHA_AVISO_A_CARDIF,
                        FECHA_OCURRENCIA_SINIESTRO,
                        DESCRIPCION_CAUSA_SINIESTRO,
                        FECDESEM,
                        PORCEASEG,
                        CAUSALOBJECION,
                        LLAVE,
                        RESERVA_INICIAL,
                        ALTURA_PAGO,
                        TIPO_INFORME,
                        FECHA_REPORTE,
                        GASTOS_U_HONORARIOS,
                        JUDICIAL,
                        COD_CONTABLE
                                FROM REPORTE_C
                                        WHERE RANGO = 1 AND TIPO_MOVIMIENTO = 'REJECTION'
		</value>
	</query>

	<persistence>
		<repository>STRP_SINI_AVAJOB</repository>
	</persistence>
</report>