<?xml version="1.0" encoding="ISO-8859-1"?>

<report name="CAM_AFS_00003" description="03 Pre-Renovaciones" category="Reportes Socio">

	<provider
		name="pa.com.bnpparibas.cardif.reportweb.service.provider.fileProvider.ReporteArchivosRespuestaGlobalBank" />

	<in>
		<parameter name="startDate" valuePattern="dd/MM/yyyy" type="STARTDATE" description="Fecha Inicio" required="true" />
		<parameter name="endDate" valuePattern="dd/MM/yyyy" type="ENDDATE" description="Fecha Fin" required="true" />
		<parameter name="producto" type="LIST" required="true" description="Producto" provider="com.bnpparibas.cardif.reportweb.configuration.entity.parameter.provider.ProductCollectionProvider" />
	</in>
	<query>
		<value>
			SELECT (
			LTRIM(RTRIM(CCP.PRODUCTLEGALREGSTRTNNBINPUT)) || ';' ||
			LTRIM(RTRIM(PDCO.POD_POLICYNUMBER))) AS RESULTADO
			FROM AGREGATEDPOLICY AGP
			INNER JOIN PRODUCT PD ON PD.PRODUCTID = AGP.PRODUCTID
			INNER JOIN CCOPTPPRODUCT CCP ON CCP.STATIC = PD.PRODUCTID
			INNER JOIN POLICYDCO PDCO ON AGP.OPERATIONPK = PDCO.OPERATIONPK
			INNER JOIN STATE ST ON ST.STATEID = PDCO.STATEID AND ST.DESCRIPTION LIKE 'In _orce%'
			INNER JOIN CCOPTPPOLICY CCPOL ON CCPOL.STATIC = PDCO.AGREGATEDOBJECTID
			INNER JOIN INSURANCEOBJECTDCO IOB1 ON IOB1.OPERATIONPK=PDCO.OPERATIONPK AND IOB1.IOD_INSURANCEOBJECTNUMBER = 1
			INNER JOIN STATE ST ON ST.STATEID = PDCO.STATEID
			INNER JOIN PARTICIPATIONVERSIONINSURANCE PV1 ON PV1.AGREGATEDPARENTID = IOB1.AGREGATEDOBJECTID AND PV1.ROL_ID = 110 
			<!-- 2018.07.05 - Gallegogu - Solicitud validacion polizas Global Bank Centro america Test -->
			<!-- AND PV1.OPERATIONPK = IOB1.OPERATIONPK --> 
			INNER JOIN CCOPTPTHIRDPARTY CCOPTP1 ON CCOPTP1.STATIC = PV1.THIRDPARTYID
			INNER JOIN NATURALPERSON NP ON NP.STATIC = PV1.THIRDPARTYID
			LEFT JOIN STTE_THIRDPARTYADDRESSBOOK STTP ON STTP.TPT_ID = CCOPTP1.STATIC
			WHERE (
				SELECT MAX (P.FORMULA) + 1 FROM CCOPTPPRODUCT PROD 
	        	INNER JOIN PRODUCT P ON PROD.STATIC = P.PRODUCTID
        		INNER JOIN CONFIGURATEDCOVERAGE CONFCOV ON CONFCOV.PRO_ID = P.PRODUCTID
        		INNER JOIN AGREGINSOBJECTTYPE IOTYPE ON IOTYPE.AGREGATEDINSURANCEOBJECTYPEID  = CONFCOV.AGREGATEDINSURANCEOBJECTTYPEID
        		INNER JOIN PLAN PL ON PL.PLANID = IOTYPE.PLANPK
        		INNER JOIN COTPROPERTY COTP ON COTP.COTPROPERTYID = CONFCOV.TEMPLATEID
		        INNER JOIN PROPERTY P ON P.PROPERTYID = COTP.PROPERTYID AND P.SIMBOLO IN ('InsuredRenewalMaxAge')
		        WHERE P.PRODUCTID = :producto
		        AND CONFCOV.CCV_HIERARCHYSTATE = '2') > ROUND(((SYSDATE - NP.BIRTHDATEINPUT)/365), 0)
			AND PDCO.FINISHDATE BETWEEN :startDate AND :endDate 
			AND CCP.PRODUCTAUTORNWALINDICINPUT = 1
			AND PDCO.STATUS = 2
		</value>
	</query>

	<persistence>
		<repository>STRP_RESPONSEUPLOADS</repository>
	</persistence>
</report>