<?xml version="1.0" encoding="ISO-8859-1"?>

<report name="CAM_AFS_00041" description="41 Reporte Certificado en Archivos Upload" 
		category="Reportes de Gesti�n de Certificados">

	<provider name="com.bnpparibas.cardif.reportweb.commons.service.provider.file.DefaultFileReportProvider" />

	<in>
		<parameter name="poliza" type="TEXT" required="true" description="Certificado" />
    	<parameter name="reportType" type="LIST" required="true" description="Formato"
			provider="com.bnpparibas.cardif.reportweb.configuration.entity.parameter.provider.ReportTypeCollectionProvider" />
	</in>

	<query>
		<value>
			SELECT
		    P.POD_POLICYNUMBER     AS NUM_POLIZA,
		    P.INITIALDATE          AS FECHA_INI,
		    P.FINISHDATE           AS FECHA_FIN,
		    F.FILEPRC_PRT_FLE_NME  AS ARCHIVO,
		    F.FILEPRC_PND_PRC_FLG  AS FLG,
		    F.FILEPRC_PRC_STR_DT   AS FECHA,
		    F.FILEPRC_ID           AS ID,
		    G.DESCRIPTION          AS DESCRIPCION
				FROM UPLOAD.LIFE_FLE_PRC F    
			    INNER JOIN UPLOAD.LIFE_UPL E ON E.FILEPRC_ID = F.FILEPRC_ID
			    INNER JOIN BRAXTS_CFG.STPO_ASLPOLICYLOG D ON D.ASL_PIMS_ID=E.UPLD_ID
			    INNER JOIN BRAXTS_CFG.POLICYDCO P ON P.OPERATIONPK = D.ASLP_OPERATIONPK
			    INNER JOIN BRAXTS_CFG.AGREGATEDPOLICY AP ON AP.AGREGATEDPOLICYID=P.AGREGATEDOBJECTID
			    INNER JOIN BRAXTS_CFG.PRODUCT G ON G.PRODUCTID=AP.PRODUCTID
			    INNER JOIN BRAXTS_CFG.CCOPTPPOLICY P ON P.PK=P.DCOID
		    WHERE P.POD_POLICYNUMBER =:poliza
		</value>
		
	</query>

	<persistence>
		<repository>STRP_CERTIFICADO_UPLOAD</repository>
	</persistence>
</report>