<?xml version="1.0" encoding="ISO-8859-1"?>

<report name="CAM_CFG_00006"
		description="Reporte de Validacion Configuaci�n de Productos" 
		category="Reportes 2">

	<properties>
		<property key="repository" value="COL" />
	</properties>

	<provider name="co.com.bnpparibas.cardif.reportweb.configuration.entity.parameter.provider.ProductConfigurationValidationProvider" />

	<in>
		<parameter name="policy_number" 
		           type="TEXT" 
		           required="true" 
		           description="Numero de la Poliza:" />
		            
		<parameter name="type1" 
		           type="CHECK" 
		           required="true" 
		           description="Producto con prima, comision y IVA con producto, option plan como filtros:" />
		           
        <parameter name="type2" 
		           type="CHECK" 
		           required="true" 
		           description="Producto con prima con producto y option plan,  comision y IVA con producto, plan como filtros:" />
		           
		<parameter name="type3" 
		           type="CHECK" 
		           required="true" 
		           description="Producto con prima, comision y IVA con producto, option plan y edad como filtros:" />		           		           		           
	</in>
		<query>
		<value>
select :policy_number POD_POLICYNUMBER from dual
		</value>
		</query>
	<persistence>
		<repository>STRP_VALID_PRODUCT_CONFIG</repository>
	</persistence>
</report>