<?xml version="1.0" encoding="ISO-8859-1"?>

<report name="CAM_AFS_00039" description="39 Reporte Certificados No Normalizados" 
		category="Reportes de Gesti�n de Certificados">

	<provider
		name="com.bnpparibas.cardif.reportweb.commons.service.provider.file.DefaultFileReportProvider" />

	<in>
		<parameter name="fechacorte" valuePattern="dd/mm/yyyy" type="DATE" required="true" description="Fecha Corte" />
		<parameter name="producto" type="LIST" required="true" description="Producto"
			provider="com.bnpparibas.cardif.reportweb.configuration.entity.parameter.provider.ProductCollectionProvider" />
		<parameter name="reportType" type="LIST" required="true" description="Formato"
		provider="com.bnpparibas.cardif.reportweb.configuration.entity.parameter.provider.ReportTypeCollectionProvider" />
	</in>

	<query>
		<value>
			<![CDATA[
			SELECT
			    ag.PRODUCTID,
			    CASE cpt.PREMIUMPERIODICITYTYPEINPUT
						WHEN 'Single'
						THEN 'UNICO'
						WHEN 'Yearly'
						THEN 'ANUAL'
						WHEN 'Monthly'
						THEN 'MENSUAL'
						ELSE ''
						END AS TIPO_PRIMA,
			    CCOPPD.PRODUCTLEGALREGSTRTNNBINPUT,
			    PDCO.AGREGATEDOBJECTID,
			    PDCO.POD_POLICYNUMBER,
			    MIN(PDCO.INITIALDATE) DATE_POL_INITIAL,
			    MAX(PDCO.FINISHDATE) DATE_POL_FINISH,
			    MIN(PDCO.AUDITDATE) AUDITDATE_EMISION,
			    MAX(cpt.POLLASTPREMBILLNGDATEINPUT) LAST_INITIAL,
			    MAX(CPT.NEXTPREMIUMBILLINGDATEINPUT) LAST_FINISH,
			    MAX(ope.QUOTE) LAST_QUOTE,
			    count(ope.OPENITEMID) COUNT_QUOTE
			FROM BRAXTS_CFG.POLICYDCO PDCO
			    INNER JOIN BRAXTS_CFG.agregatedpolicy ag on  ag.operationpk = PDCO.operationpk
			    INNER JOIN BRAXTS_CFG.openitem ope on  ope.operationpk = PDCO.operationpk  AND ope.dty_id = 513
			    INNER JOIN BRAXTS_CFG.PRODUCT cpr  on  cpr.PRODUCTID = ag.PRODUCTID
			    INNER JOIN BRAXTS_CFG.CCOPTPPRODUCT CCOPPD  on  CCOPPD.STATIC = cpr.PRODUCTID
			    INNER JOIN BRAXTS_CFG.CCOPTPPOLICY cpt on PDCO.dcoid = cpt.pk
			    LEFT JOIN BRAXTS_CFG.STATE st on PDCO.STATEID = st.stateid
			WHERE pdco.status = 2
			AND UPPER(st.DESCRIPTION) = 'IN FORCE'
			AND AG.PRODUCTID = :producto
			GROUP BY 
			    ag.PRODUCTID,
			    PDCO.POD_POLICYNUMBER,
			    CCOPPD.PRODUCTLEGALREGSTRTNNBINPUT,
			    PDCO.AGREGATEDOBJECTID,cpt.PREMIUMPERIODICITYTYPEINPUT
			HAVING MAX(CPT.NEXTPREMIUMBILLINGDATEINPUT) <= TO_DATE(:fechacorte)
			 ]]>
		</value>
		
	</query>

	<persistence>
		<repository>STRP_CERTIF_NO_NORMALIZADOS</repository>
	</persistence>
</report>