<?xml version="1.0" encoding="ISO-8859-1"?>

<report name="CAM_AFS_00035" description="35 Reporte de certificados con periodicas atrasadas" 
		category="Reportes de Gesti�n de Certificados">

	<provider name="com.bnpparibas.cardif.reportweb.commons.service.provider.file.DefaultFileReportProvider" />

	<in>
		<parameter name="fecha" valuePattern="dd/mm/yyyy" type="DATE" required="true" description="Fecha" />
		<parameter name="codPrd" type="TEXT" required="false" description="Codigo del Producto" />
		<parameter name="producto" type="LIST" required="false" description="Nombre del Producto"
			provider="com.bnpparibas.cardif.reportweb.configuration.entity.parameter.provider.ProductCollectionProvider" />
		<parameter name="reportType" type="LIST" required="true" description="Formato"
		provider="com.bnpparibas.cardif.reportweb.configuration.entity.parameter.provider.ReportTypeCollectionProvider" />
	</in>

	<query>
		<value>
			<![CDATA[ 
			select
			/*+ PARALLEL(5) */
			prd.PRODUCTLEGALREGSTRTNNBINPUT AS COD_CONTABLE,
			ap.PRODUCT_NAME AS Nombre_Producto,
			pdco.POD_POLICYNUMBER AS NumeroCertificado,
			pdco.initialdate AS FECHA_INICIO,
			pdco.finishdate AS FECHA_FIN,
			pol1.POLLASTPREMBILLNGDATEINPUT AS ULTIMO_MOVIMIENTO,
			pol1.NEXTPREMIUMBILLINGDATEINPUT AS SIGUIENTE_MOVIMIENTO,
			round(MONTHS_BETWEEN(:fecha,pol1.NEXTPREMIUMBILLINGDATEINPUT)) Movimientos_Faltantes,
			case WHEN pl.description='CCOXTPPlan' THEN 1 WHEN pl.description='CCOXTPSecondPlan' THEN 2 WHEN pl.description='CCOXTPThirdPlan' THEN 3 WHEN pl.description='CCOXTPFourthPlan' THEN 4 end as plan
			from BRAXTS_CFG.AGREGATEDPOLICY ap
			inner join braxts_cfg.policydco pdco on pdco.operationpk = ap.operationpk
			inner join braxts_cfg.ccoptppolicy pol1 on pol1.pk = pdco.dcoid
			inner join braxts_cfg.ccoptpproduct prd on prd.static = ap.productid
			inner join braxts_cfg.PLAN pl on pl.PRODUCTID = ap.PRODUCTID
			inner join braxts_cfg.state st on st.stateid = pdco.stateid
			where pol1.NEXTPREMIUMBILLINGDATEINPUT < :fecha
			AND pol1.NEXTPREMIUMBILLINGDATEINPUT < pdco.finishdate
			 :producto_condicion
			 :codigo_contable_condicion
			AND pdco.status=2
			AND upper(st.description) ='IN FORCE'
			 ]]>
		</value>
		<conditions>
			<condition name="producto_condicion"
				notNullAndNotEmpty="producto">
				<value> AND ap.PRODUCTID= :producto </value>
			</condition>
			<condition name="codigo_contable_condicion"
				notNullAndNotEmpty="codPrd">
				<value> AND prd.PRODUCTLEGALREGSTRTNNBINPUT= :codPrd </value>
			</condition>
		</conditions>
	</query>

	<persistence>
		<repository>strp_policies_to_gen_premium_d</repository>
	</persistence>
</report>