<?xml version="1.0" encoding="ISO-8859-1"?>

<report name="CAM_JOB_00008" description="Reporte Masivo Jobs" category="Reportes JOBS">
	
	<provider name="com.bnpparibas.cardif.reportweb.commons.service.provider.file.CSVFileProvider" />
	<provider name="com.bnpparibas.cardif.reportweb.commons.service.provider.file.DefaultFileReportProvider"/>

	<in>
		<parameter name="partner" type="LIST" required="false" description="Socio"
		           provider="pa.com.bnpparibas.cardif.reportweb.configuration.entity.parameter.provider.PartnerCollectionProvider"/>
		<parameter name="product" type="LIST" required="false" description="Producto"
		           provider="com.bnpparibas.cardif.reportweb.configuration.entity.parameter.provider.ProductCollectionProvider"/>
		<parameter name="jobType" type="LIST" required="false" description="Tipo de Job"
		           provider="pa.com.bnpparibas.cardif.reportweb.configuration.entity.parameter.provider.JobTypeCollectionProvider"/>
		<parameter name="startDate" valuePattern="dd/MM/yyyy" type="STARTDATE" required="true" description="Fecha Desde"/>
		<parameter name="endDate" valuePattern="dd/MM/yyyy" type="ENDDATE" required="true" description="Fecha Hasta"/>
		<parameter name="processId" type="TEXT" required="false" description="Id de ejecucion del Job"/>
		<parameter name="reportType" type="LIST" required="true" description="Formato"
		           provider="com.bnpparibas.cardif.reportweb.configuration.entity.parameter.provider.ReportTypeCollectionProvider" />
	</in>

	<query>
		<value>
			<![CDATA[
				SELECT POS.ID AS NUMERO_PROCESO,
                    CCO.PRODUCTLEGALREGSTRTNNBINPUT AS PRODUCTO_CODIGO,
                    AGP.PRODUCT_NAME AS PRODUCTO_NOMBRE,
                    PDCO.POD_POLICYNUMBER AS NUMERO_CERTIFICADO,
                    PDCO.INITIALDATE AS FECHA_INICIAL,
                    PDCO.FINISHDATE AS FECHA_FINAL,
                    OPIT.DOCDATE AS FECHA_INICIO_MOVIMIENTO,
                    OPIT.DUEDATE AS FECHA_FIN_MOVIMIENTO,
                    OPIT.QUOTE AS ALTURA,
                    ROUND(SUM(CTC.COVERGROSSPREMIUMAMNTINPUT),2) AS VALOR_PRIMA_BRUTA,
                    ROUND(SUM(CTC.COVERNETPREMIUMAMNTINPUT),2) AS VALOR_PRIMA_NETA,
                    ROUND(SUM(CTC.COVERPREMIUMTAXAMNTINPUT),2) AS VALOR_IVA,
                    JB.AUTO_DISCOVERY_ID AS EVENTO,
                    CASE WHEN PON.ERROR_CODES IS NULL THEN 'Procesada con exito' ELSE PON.ERROR_CODES END AS DESCRIPCION_EVENTO,
                    TO_CHAR(POS.START_TIME, 'DD/MM/YYYY HH24:MI:SS') as FECHA_INICIO_EJECUCION,
                    TO_CHAR(POS.END_TIME, 'DD/MM/YYYY HH24:MI:SS') AS FECHA_FIN_EJECUCION,
                    CASE WHEN PON.ERROR_CODES IS NULL THEN 'SUCCESS' ELSE 'ERROR' END AS RESULTADO_EJECUCION_REGISTRO
				FROM BRAXTS_CFG.AGREGATEDPOLICY AGP
				JOIN BRAXTS_CFG.POLICYDCO PDCO ON PDCO.AGREGATEDOBJECTID = AGP.AGREGATEDPOLICYID AND PDCO.STATUS = 2
				JOIN BRAXTS_CFG.PRODUCT PRD ON PRD.DESCRIPTION = AGP.PRODUCT_NAME AND PRD.PRO_HIERARCHYSTATE = 2 AND PRD.PRO_ISCOMMERCIAL = 1
				JOIN BRAXTS_CFG.CCOPTPPRODUCT CCO ON CCO.STATIC = PRD.PRODUCTID
				JOIN BRAXTS_CFG.CCOPTPPOLICY CPOL ON CPOL.PK = PDCO.DCOID
				JOIN BRAXTS_CFG.AGREGATEDPOLICYTYPE AGPT ON AGPT.PRODUCTID = AGP.PRODUCTID
				JOIN BRAXTS_CFG.STPS_CONFROLETHIRDPARTY SCRTP ON SCRTP.CRTP_CONTAINERID = AGPT.AGREGATEDPOLICYID
				JOIN BRAXTS_CFG.CCOPTPTHIRDPARTY CCOPTP ON CCOPTP.STATIC = SCRTP.TPT_ID
				JOIN BRAXTS_CFG.COVERAGEDCO COV ON COV.OPERATIONPK	= PDCO.OPERATIONPK
				JOIN BRAXTS_CFG.CCOXTPCOVERAGE CTC ON CTC.STATIC = COV.AGREGATEDOBJECTID
				LEFT JOIN BRAXTS_CFG.OPENITEM OPIT ON OPIT.OPERATIONPK = PDCO.OPERATIONPK AND OPIT.DTY_ID IN (513)
				JOIN BRAXTS_CFG.PROCESS_OPERATION PON ON PON.AGREGATEDPOLICYID = PDCO.AGREGATEDOBJECTID AND PON.OPERATIONPK = PDCO.OPERATIONPK
				JOIN PMSSKD.PROCESS POS ON POS.ID = PON.PROCESS_ID
				JOIN PMSSKD.JOB_INSTANCE JI ON JI.ID = POS.JOB_INSTANCE_ID
				JOIN PMSSKD.JOB JB ON JB.ID = JI.JOB_ID
				WHERE
					POS.START_TIME BETWEEN TRUNC(:startDate) AND TRUNC(:endDate)
				GROUP BY POS.ID, CCO.PRODUCTLEGALREGSTRTNNBINPUT, AGP.PRODUCT_NAME, PDCO.POD_POLICYNUMBER, PDCO.INITIALDATE, PDCO.FINISHDATE, OPIT.DOCDATE, OPIT.DUEDATE, OPIT.QUOTE,
					JB.AUTO_DISCOVERY_ID, CASE WHEN PON.ERROR_CODES IS NULL THEN 'Procesada con exito' ELSE PON.ERROR_CODES END, CPOL.POLLASTPREMBILLNGDATEINPUT,
					TO_CHAR(POS.START_TIME, 'DD/MM/YYYY HH24:MI:SS'), TO_CHAR(POS.END_TIME, 'DD/MM/YYYY HH24:MI:SS'),CASE WHEN PON.ERROR_CODES IS NULL THEN 'SUCCESS' ELSE 'ERROR' END
			]]>
		</value>
		<conditions>
			<condition name="partnerCondition" notNullAndNotEmpty="partner">
				<value>AND CCOPTP.STATIC = :partner</value>
			</condition>
			<condition name="productCondition" notNullAndNotEmpty="product">
				<value>AND AGP.PRODUCTID = :product</value>
			</condition>
			<condition name="jobTypeCondition" notNullAndNotEmpty="jobType">
				<value>AND JI.JOB_ID = :jobType</value>
			</condition>
			<condition name="processIdCondition" notNullAndNotEmpty="processId">
				<value>AND POS.ID = :processId</value>
			</condition>
		</conditions>
	</query>
	<persistence>
		<repository>STRP_REPORT_MASIVO_JOBS</repository>
	</persistence>
</report>