<?xml version="1.0" encoding="ISO-8859-1"?>

<report name="CAM_AFS_00037" description="37 Reporte de Periodica Detalle" 
		category="Reportes de Gesti�n de Certificados">

	<provider
		name="com.bnpparibas.cardif.reportweb.commons.service.provider.file.DefaultFileReportProvider" />

	<in>
		<parameter name="fechaInicio" valuePattern="dd/mm/yyyy" type="DATE" required="true" description="Mes:" />
		<parameter name="nombrePrd" type="TEXT" required="false" description="Codigo del Producto" />
		<parameter name="reportType" type="LIST" required="true" description="Formato"
		provider="com.bnpparibas.cardif.reportweb.configuration.entity.parameter.provider.ReportTypeCollectionProvider" />
	</in>

	<query>
		<value>
			<![CDATA[
			select
			prd.PRODUCTLEGALREGSTRTNNBINPUT AS COD_CONTABLE, 
			pd.description AS Nombre_Producto,
			pdco.POD_POLICYNUMBER AS NumeroCertificado,
			pdco.initialdate AS FECHA_INICIO,
			pdco.finishdate AS FECHA_FIN, 
			pol1.POLLASTPREMBILLNGDATEINPUT AS ULTIMO_MOVIMIENTO,
			pol1.NEXTPREMIUMBILLINGDATEINPUT AS SIGUIENTE_MOVIMIENTO,
			round(MONTHS_BETWEEN(:fechaInicio,pol1.NEXTPREMIUMBILLINGDATEINPUT)) Movimientos_Faltantes,
			PL.DESCRIPTION PLAN
			from BRAXTS_CFG.AGREGATEDPOLICY ap
			inner join braxts_cfg.policydco pdco on pdco.operationpk = ap.operationpk and pdco.status=2
			inner join braxts_cfg.ccoptppolicy pol1 on pol1.pk = pdco.dcoid and pol1.NEXTPREMIUMBILLINGDATEINPUT < pdco.finishdate
			inner join braxts_cfg.state st on st.stateid = pdco.stateid and upper(st.description) ='IN FORCE'
			inner join BRAXTS_CFG.PRODUCT pd on pd.productid = ap.productid
			inner join braxts_cfg.ccoptpproduct prd on prd.static = ap.productid
			inner join BRAXTS_CFG.AGREGATEDPOLICYTYPE apt on ap.PRODUCTID = APT.PRODUCTID
			inner join braxts_cfg.insuranceobjectdco idco on idco.operationpk = pdco.operationpk
			inner join braxts_cfg.plan pl on pl.planid = idco.planid 
			where prd.ProdPerfPremBlingIndicinput = 1 and round(MONTHS_BETWEEN(:fechaInicio,pol1.NEXTPREMIUMBILLINGDATEINPUT)) < 6 
			 :codigo_contable_condicion
			 ]]>
		</value>
		<conditions>
			<condition name="codigo_contable_condicion"
				notNullAndNotEmpty="nombrePrd">
				<value> and prd.PRODUCTLEGALREGSTRTNNBINPUT= :nombrePrd </value>
			</condition>

		</conditions>
	</query>

	<persistence>
		<repository>strp_policies_to_job_premium_d</repository>
	</persistence>
</report>