<?xml version="1.0" encoding="ISO-8859-1"?>

<report name="CAM_AFS_00017" description="17 Siniestos - Resumen" category="Reportes Socio">

	<provider name="com.bnpparibas.cardif.reportweb.commons.service.provider.file.CSVFileProvider" />
	<provider name="com.bnpparibas.cardif.reportweb.commons.service.provider.jasper.PDFProvider" />

	<in>
		<parameter name="startDate" valuePattern="dd/MM/yyyy" type="STARTDATE" description="Fecha Inicio" required="true" />
		<parameter name="endDate" valuePattern="dd/MM/yyyy" type="ENDDATE" description="Fecha Fin" required="true" />
		<parameter name="socio" type="LIST" required="true" description="Socio" provider="com.bnpparibas.cardif.reportweb.configuration.entity.parameter.provider.PartnerCollectionProvider" />
	</in>

	<query>
		<value>
		WITH REPORTE AS (
		SELECT 
		/*+ PARALLEL(5) */
		DISTINCT
		CL.CLAIMNUMBER AS SINIESTRO,
		TO_CHAR(CRA.DATECLAIMRESERVEADJUSTID,'dd/MM/yyyy HH24:MM:SS') AS FECHA_MOVIMIENTO,
		CRA.TYPE AS TIPO_MOVIMIENTO,
		TO_NUMBER(TO_CHAR(CRA.AMOUNT),'999999999.999999999') AS VLR_MOVIMIENTO
			FROM STCL_CLAIMOPERATIONHISTORY HIST
			INNER JOIN CLAIM CL ON CL.CLAIMID = HIST.CLA_ID
			LEFT JOIN CCOXTPCLAIMREFUSAL CR ON CR.STATIC = HIST.COH_ID
			INNER JOIN CLAIMRISKUNIT CLRU ON CLRU.CLAIMID = CL.CLAIMID
			INNER JOIN STCL_DECLARATION ST ON CL.CLD_ID = ST.CLD_ID
			INNER JOIN CCOXTPCLAIMDECLARATION CLD ON CLD.STATIC = ST.CLD_ID
			LEFT JOIN EXPENSE EXP ON EXP.CLAIMID = CL.CLAIMID
			INNER JOIN CLAIMINSURANCEOBJECT CLIO ON CLIO.CLAIMRISKUNITID = CLRU.CLAIMRISKUNITID 
			INNER JOIN CLAIMNORMALRESERVE CNR ON CNR.CLAIMINSURANCEOBJECTID = CLIO.CLAIMINSURANCEOBJECTID
			INNER JOIN CLAIMRESERVEADJUST CRA ON CRA.CLAIMRESERVEID = CNR.CLAIMNORMALRESERVEDID
			INNER JOIN CLAIMRESERVEADJUST CRA2 ON CRA2.CLAIMRESERVEID = CNR.CLAIMNORMALRESERVEDID AND CRA2.TYPE = 'INITIAL'
			LEFT JOIN PAYMENTORDER PO ON PO.FKRESERVE = CNR.CLAIMNORMALRESERVEDID
			INNER JOIN CCOXTPCOVERAGE CCOV ON CCOV.STATIC = CNR.EVALUATEDCOVERAGEID
			INNER JOIN INSURANCEOBJECTPARTICIPATION IOP ON IOP.AGREGATEDINSURANCEOBJECTID = CLIO.AGREGATEDINSURANCEOBJECTID
			INNER JOIN PARTICIPATIONVERSIONINSURANCE PVI ON PVI.AGREGATEDOBJECTID = IOP.PARTICIPATIONID
			INNER JOIN PARTICIPATIONVERSIONINSURANCE PVI2 ON PVI2.AGREGATEDOBJECTID = PVI.AGREGATEDOBJECTID AND PVI.ROL_ID = 110
			INNER JOIN AGREGATEDPOLICY AP ON CL.POLICYID = AP.AGREGATEDPOLICYID
        	INNER JOIN POLICYDCO PDCO ON PDCO.OPERATIONPK = AP.OPERATIONPK
        	INNER JOIN PRODUCT P ON P.PRODUCTID = AP.PRODUCTID
        	INNER JOIN CCOPTPPRODUCT CPROD ON CPROD.STATIC = P.PRODUCTID
        	INNER JOIN STATE ST ON ST.STATEID = PDCO.STATEID		       	
          	INNER JOIN AGREGATEDPOLICYTYPE AGPT ON AGPT.PRODUCTID = P.PRODUCTID 
      		INNER JOIN STPS_CONFROLETHIRDPARTY SCRTP ON SCRTP.CRTP_CONTAINERID = AGPT.AGREGATEDPOLICYID
      		INNER JOIN PARTICIPATIONVERSION PV ON PV.AGREGATEDPARENTID = PDCO.AGREGATEDOBJECTID
      		INNER JOIN CCOPTPTHIRDPARTY CCTHP ON CCTHP.STATIC = PV.THIRDPARTYID
      		INNER JOIN CCOPTPTHIRDPARTY CCTHP3 ON CCTHP3.STATIC = PVI.THIRDPARTYID
      		INNER JOIN CCOPTPTHIRDPARTY CCTHP2 ON CCTHP2.STATIC = SCRTP.TPT_ID
        	INNER JOIN NATURALPERSON NP ON CCTHP3.STATIC = NP.STATIC
        	INNER JOIN STTE_THIRDPARTYADDRESSBOOK PAYEE_AB ON PAYEE_AB.TPT_ID = CCTHP3.STATIC
        	INNER JOIN CCOXTPPOSTALADDRESS CPA ON CPA.PK = PAYEE_AB.IDDCO
			LEFT JOIN THIRDPARTYPAYMENTMODE TPPM ON TPPM.THIRDPARTYID = PO.THIRDPARTYID AND TPPM.STATUS = 'active'
			LEFT JOIN PAYMENTBANKACNT PBA ON PBA.PK = TPPM.DCOPK AND PBA.PAYMENTTRANSACTIONTYPEINPUT = 'Claim Benefit Payment'
				WHERE TO_CHAR(TO_DATE(CRA.DATECLAIMRESERVEADJUSTID,'dd/MM/yyyy')) BETWEEN (:startDate) AND (:endDate)
				AND CCTHP2.STATIC = :socio
		UNION
			SELECT 
			/*+ PARALLEL(5) */
			DISTINCT
			CL.CLAIMNUMBER AS SINIESTRO,
			TO_CHAR( PO.POR_OPERATIONDATE,'dd/MM/yyyy HH24:MM:SS' ) as FECHA_MOVIMIENTO,
			'AUTHORIZED' AS TIPO_MOVIMIENTO,
			TO_NUMBER(TO_CHAR(PO.AMOUNT),'999999999.999999999') AS VLR_MOVIMIENTO
				FROM STCL_CLAIMOPERATIONHISTORY HIST
				INNER JOIN CLAIM CL ON CL.CLAIMID = HIST.CLA_ID
				LEFT JOIN CCOXTPCLAIMREFUSAL CR ON CR.STATIC = HIST.COH_ID
				INNER JOIN CLAIMRISKUNIT CLRU ON CLRU.CLAIMID = CL.CLAIMID
				INNER JOIN STCL_DECLARATION ST ON CL.CLD_ID=ST.CLD_ID
				INNER JOIN CCOXTPCLAIMDECLARATION CLD ON CLD.STATIC = ST.CLD_ID
				LEFT JOIN EXPENSE EXP ON EXP.CLAIMID = CL.CLAIMID
				INNER JOIN CLAIMINSURANCEOBJECT CLIO ON CLIO.CLAIMRISKUNITID = CLRU.CLAIMRISKUNITID
				INNER JOIN CLAIMNORMALRESERVE CNR ON CNR.CLAIMINSURANCEOBJECTID = CLIO.CLAIMINSURANCEOBJECTID
				INNER JOIN CLAIMRESERVEADJUST CRA ON CRA.CLAIMRESERVEID = CNR.CLAIMNORMALRESERVEDID
				INNER JOIN CLAIMRESERVEADJUST CRA2 ON CRA2.CLAIMRESERVEID = CNR.CLAIMNORMALRESERVEDID AND CRA2.TYPE = 'INITIAL'
				LEFT JOIN PAYMENTORDER PO ON PO.FKRESERVE = CNR.CLAIMNORMALRESERVEDID AND PO.STATE = '4'
				INNER JOIN CCOXTPCOVERAGE CCOV ON CCOV.STATIC = CNR.EVALUATEDCOVERAGEID
				INNER JOIN INSURANCEOBJECTPARTICIPATION IOP ON IOP.AGREGATEDINSURANCEOBJECTID = CLIO.AGREGATEDINSURANCEOBJECTID
				INNER JOIN PARTICIPATIONVERSIONINSURANCE PVI ON PVI.AGREGATEDOBJECTID = IOP.PARTICIPATIONID
				INNER JOIN PARTICIPATIONVERSIONINSURANCE PVI2 ON PVI2.AGREGATEDOBJECTID = PVI.AGREGATEDOBJECTID AND PVI.ROL_ID = 110
				INNER JOIN AGREGATEDPOLICY AP ON CL.POLICYID = AP.AGREGATEDPOLICYID
        		INNER JOIN POLICYDCO PDCO ON PDCO.OPERATIONPK = AP.OPERATIONPK
        		INNER JOIN PRODUCT P ON P.PRODUCTID = AP.PRODUCTID
        		INNER JOIN CCOPTPPRODUCT CPROD ON CPROD.STATIC = P.PRODUCTID
        		INNER JOIN STATE ST ON ST.STATEID = PDCO.STATEID		       	
				INNER JOIN AGREGATEDPOLICYTYPE AGPT ON AGPT.PRODUCTID = P.PRODUCTID 
				INNER JOIN STPS_CONFROLETHIRDPARTY SCRTP ON SCRTP.CRTP_CONTAINERID = AGPT.AGREGATEDPOLICYID
				INNER JOIN PARTICIPATIONVERSION PV ON PV.AGREGATEDPARENTID = PDCO.AGREGATEDOBJECTID
				INNER JOIN CCOPTPTHIRDPARTY CCTHP ON CCTHP.STATIC = PV.THIRDPARTYID
				INNER JOIN CCOPTPTHIRDPARTY CCTHP3 ON CCTHP3.STATIC = PVI.THIRDPARTYID
				INNER JOIN CCOPTPTHIRDPARTY CCTHP2 ON CCTHP2.STATIC = SCRTP.TPT_ID
        		INNER JOIN NATURALPERSON NP ON CCTHP3.STATIC = NP.STATIC
        		INNER JOIN STTE_THIRDPARTYADDRESSBOOK PAYEE_AB ON PAYEE_AB.TPT_ID = CCTHP3.STATIC
        		INNER JOIN CCOXTPPOSTALADDRESS CPA ON CPA.PK = PAYEE_AB.IDDCO
				INNER JOIN THIRDPARTYPAYMENTMODE TPPM ON TPPM.THIRDPARTYID = PO.THIRDPARTYID AND TPPM.STATUS = 'active'
          			LEFT JOIN PAYMENTBANKACNT PBA ON PBA.PK = TPPM.DCOPK AND PBA.PAYMENTTRANSACTIONTYPEINPUT = 'Claim Benefit Payment'
					WHERE TO_CHAR(TO_DATE(PO.POR_OPERATIONDATE,'dd/MM/yyyy')) BETWEEN (:startDate) AND (:endDate)
		     	    AND CCTHP2.STATIC = :socio),

		REPORTE_B AS (
			SELECT
			TIPO_MOVIMIENTO,
			COUNT(TIPO_MOVIMIENTO) AS CANTIDAD,
			SUM(VLR_MOVIMIENTO) AS VLR_MOVIMIENTO
			FROM REPORTE
			GROUP BY ROLLUP(TIPO_MOVIMIENTO)
			ORDER BY 2 ASC)
	
		SELECT CASE WHEN TIPO_MOVIMIENTO IS NULL THEN 'TOTAL GENERAL' ELSE
		TIPO_MOVIMIENTO END AS TIPO_MOVIMIENTO, CANTIDAD, VLR_MOVIMIENTO
			FROM REPORTE_B
			ORDER BY 1
		</value>
	</query>

	<persistence>
		<repository>STRP_SINI_RESUMEN</repository>
	</persistence>
</report>