<?xml version="1.0" encoding="ISO-8859-1"?>

<report name="CAM_AFS_00002" description="02 Respuesta Novedades" category="Reportes de Cargues">

	<provider name="pa.com.bnpparibas.cardif.reportweb.service.provider.fileProvider.ReporteArchivosRespuestaGlobalBank" />

	<in>
		<parameter name="id" type="TEXT" required="true" description="Id Upload : " />
	</in>

	<query>
		<value>
			<![CDATA[
				WITH REPORTE_A AS (
					SELECT /*+ PARALLEL(5) */
						UPLD_PRD_COD ||';'||
						UPLD_AUX_FLD_02 ||';'||
						UPLD_AUX_FLD_01 ||';'||
						TO_CHAR(UPLD_EFF_DT, 'DDMMYYYY') ||';'||
						nvl(NVL(UPLD_CTR_PTN_NBR,UPLD_AUX_FLD_26),UPLD_CTR_PTN_NBR) ||';'||
						UPLD_AUX_FLD_03 ||';'||
						case 
						when UPLD_PRD_COD like '55%' and UPLD_AUX_FLD_02='1' then '0'
						when UPLD_PRD_COD like '54%' and UPLD_AUX_FLD_02='1'  then '0'
						else nvl(to_char(TRUNC((select op.AMOUNT from BRAXTS_CFG.openitem op where op.OPERATIONPK=stpo.ASLP_OPERATIONPK and op.ROL_ID=112),2)),'0')
						end  ||';'||
						case 
						when UPLD_PRD_COD like '54%' then ';' 
						else '' 
						end  
					AS RESULTADO
					FROM UPLOAD.LIFE_UPL A 
					inner join BRAXTS_CFG.STPO_ASLPOLICYLOG stpo on stpo.ASL_PIMS_ID=A.UPLD_ID
					WHERE A.FILEPRC_ID in (:id) 
						and a.UPLD_ERR_NME='Operacion procesada con exito' 
					UNION
					SELECT /*+ PARALLEL(5) */
						UPLD_PRD_COD ||';'||
						UPLD_AUX_FLD_02 ||';'||
						UPLD_AUX_FLD_01 ||';'||
						TO_CHAR(UPLD_EFF_DT, 'DD/MM/YYYY') ||';'||
						nvl(NVL(UPLD_CTR_PTN_NBR,UPLD_AUX_FLD_26),UPLD_CTR_PTN_NBR) ||';'||
						UPLD_AUX_FLD_03 ||';'||
						UPLD_ERR_NME ||';'||
						case 
						when UPLD_PRD_COD like '54%' then ';'
						else '' end  AS RESULTADO
					FROM UPLOAD.LIFE_UPL A 
					WHERE A.FILEPRC_ID in (:id) 
						AND (a.UPLD_ERR_NME <> 'Operacion procesada con exito' OR a.UPLD_ERR_NME is null) 
				) select * 
				from REPORTE_A
			]]>
		</value>
	</query>

	<persistence>
		<repository>STRP_RESPONSEUPLOADS</repository>
	</persistence>
</report>