<?xml version="1.0" encoding="UTF-8"?>
<Structure>

	<Header></Header>
	<Detail>
		<Field>
			<Size>1</Size>
			<Description>Duplicated</Description>
			<Format>
				<Type>C</Type>
				<DecimalPlaces></DecimalPlaces>
				<Mask></Mask>
				<Separator></Separator>
			</Format>
			<Id>DUPLICATED</Id>
		</Field>
		<Field>
			<Size>1</Size>
			<Description>Tipo_Movimiento</Description>
			<Format>
				<Type>C</Type>
				<DecimalPlaces></DecimalPlaces>
				<Mask></Mask>
				<Separator></Separator>
			</Format>
			<Id>OPERACAO</Id>
			<ExcellColumnNumber></ExcellColumnNumber>
		</Field>
		
		<Field>
			<Size>4</Size>
			<Description>Codigo_Producto</Description>
			<Format>
				<Type>C</Type>
				<DecimalPlaces></DecimalPlaces>
				<Mask></Mask>
				<Separator></Separator>
			</Format>
			<Id>CODPRODUTO</Id>
			<ExcellColumnNumber></ExcellColumnNumber>
		</Field>

		<Field>
			<Size>25</Size>
			<Description>Codigo_Unico_Producto</Description>
			<Format>
				<Type>C</Type>
				<DecimalPlaces></DecimalPlaces>
				<Mask></Mask>
				<Separator></Separator>
			</Format>
			<Id>CRD_NBR</Id>
			<ExcellColumnNumber></ExcellColumnNumber>
		</Field>
		
		<Field>
			<Size>6</Size>
			<Description>Numero_Producto</Description>
			<Format>
				<Type>C</Type>
				<DecimalPlaces></DecimalPlaces>
				<Mask></Mask>
				<Separator></Separator>
			</Format>
			<Id>AUX01</Id>
			<ExcellColumnNumber></ExcellColumnNumber>
		</Field>
		
		<Field>
			<Size>20</Size>
			<Description>Id_Cliente</Description>
			<Format>
				<Type>C</Type>
				<DecimalPlaces></DecimalPlaces>
				<Mask></Mask>
				<Separator></Separator>
			</Format>
			<Id>AUX02</Id>
			<ExcellColumnNumber></ExcellColumnNumber>
		</Field>
		
		<Field>
			<Size>10</Size>
			<Description>Tipo_Documento</Description>
			<Format>
				<Type>C</Type>
				<DecimalPlaces></DecimalPlaces>
				<Mask></Mask>
				<Separator></Separator>
			</Format>
			<Id>AUX03</Id>
			<ExcellColumnNumber></ExcellColumnNumber>
		</Field>
		
		<Field>
			<Size>20</Size>
			<Description>Numero_Documento_Identidad</Description>
			<Format>
				<Type>C</Type>
				<DecimalPlaces></DecimalPlaces>
				<Mask></Mask>
				<Separator></Separator>
			</Format>
			<Id>AUX04</Id>
			<ExcellColumnNumber></ExcellColumnNumber>
		</Field>
		
		<Field>
			<Size>20</Size>
			<Description>Primer_Apellido</Description>
			<Format>
				<Type>C</Type>
				<DecimalPlaces></DecimalPlaces>
				<Mask></Mask>
				<Separator></Separator>
			</Format>
			<Id>AUX05</Id>
			<ExcellColumnNumber></ExcellColumnNumber>
		</Field>
		
		<Field>
			<Size>20</Size>
			<Description>Segundo_Apellido</Description>
			<Format>
				<Type>C</Type>
				<DecimalPlaces></DecimalPlaces>
				<Mask></Mask>
				<Separator></Separator>
			</Format>
			<Id>AUX06</Id>
			<ExcellColumnNumber></ExcellColumnNumber>
		</Field>
		
		<Field>
			<Size>20</Size>
			<Description>Apellido_Casada</Description>
			<Format>
				<Type>C</Type>
				<DecimalPlaces></DecimalPlaces>
				<Mask></Mask>
				<Separator></Separator>
			</Format>
			<Id>AUX07</Id>
			<ExcellColumnNumber></ExcellColumnNumber>
		</Field>
		
		<Field>
			<Size>32</Size>
			<Description>Primer_Nombre</Description>
			<Format>
				<Type>C</Type>
				<DecimalPlaces></DecimalPlaces>
				<Mask></Mask>
				<Separator></Separator>
			</Format>
			<Id>NOMECLIENTE</Id>
			<ExcellColumnNumber></ExcellColumnNumber>
		</Field>
		
		<Field>
			<Size>32</Size>
			<Description>Segundo_Nombre</Description>
			<Format>
				<Type>C</Type>
				<DecimalPlaces></DecimalPlaces>
				<Mask></Mask>
				<Separator></Separator>
			</Format>
			<Id>AUX08</Id>
			<ExcellColumnNumber></ExcellColumnNumber>
		</Field>
		
		<Field>
			<Size>8</Size>
			<Description>Fecha_Nacimiento</Description>
			<Format>
				<Type>D</Type>
				<DecimalPlaces></DecimalPlaces>
				<Mask>ddMMyyyy</Mask>
				<Separator></Separator>
			</Format>
			<Id>DTNASC</Id>
			<ExcellColumnNumber></ExcellColumnNumber>
		</Field>
		
		<Field>
			<Size>8</Size>
			<Description>Fecha_Inicio_Vigencia</Description>
			<Format>
				<Type>D</Type>
				<DecimalPlaces></DecimalPlaces>
				<Mask>ddMMyyyy</Mask>
				<Separator></Separator>
			</Format>
			<Id>DTEMISSAO</Id>
			<ExcellColumnNumber></ExcellColumnNumber>
		</Field>
		
		<Field>
			<Size>8</Size>
			<Description>Fecha_Fin_Vigencia</Description>
			<Format>
				<Type>D</Type>
				<DecimalPlaces></DecimalPlaces>
				<Mask>ddMMyyyy</Mask>
				<Separator></Separator>
			</Format>
			<Id>DTFIMVIGENCIA</Id>
			<ExcellColumnNumber></ExcellColumnNumber>
		</Field>
		
		<Field>
			<Size>10</Size>
			<Description>Prima_Bruta</Description>
			<Format>
				<Type>N</Type>
				<DecimalPlaces></DecimalPlaces>
				<Mask></Mask>
				<Separator></Separator>
			</Format>
			<Id>VLRIOF</Id>
			<ExcellColumnNumber></ExcellColumnNumber>
		</Field>
		
		<Field>
			<Size>10</Size>
			<Description>Prima_Neta</Description>
			<Format>
				<Type>N</Type>
				<DecimalPlaces></DecimalPlaces>
				<Mask></Mask>
				<Separator></Separator>
			</Format>
			<Id>VLRPREMIO</Id>
			<ExcellColumnNumber></ExcellColumnNumber>
		</Field>
		
		<Field>
			<Size>10</Size>
			<Description>Valor_Asegurado</Description>
			<Format>
				<Type>N</Type>
				<DecimalPlaces></DecimalPlaces>
				<Mask></Mask>
				<Separator></Separator>
			</Format>
			<Id>VLRFINANC</Id>
			<ExcellColumnNumber></ExcellColumnNumber>
		</Field>
		
		<Field>
			<Size>6</Size>
			<Description>Fecha_Contable</Description>
			<Format>
				<Type>C</Type>
				<DecimalPlaces></DecimalPlaces>
				<Mask>MMyyyy</Mask>
				<Separator></Separator>
			</Format>
			<Id>AUX23</Id>
			<ExcellColumnNumber></ExcellColumnNumber>
		</Field>
		
		<Field>
			<Size>10</Size>
			<Description>Valor_Credito</Description>
			<Format>
				<Type>N</Type>
				<DecimalPlaces></DecimalPlaces>
				<Mask></Mask>
				<Separator></Separator>
			</Format>
			<Id>SALDODEVEDOR</Id>
			<ExcellColumnNumber></ExcellColumnNumber>
		</Field>
		
		<Field>
			<Size>10</Size>
			<Description>Valor_Cuota_Credito</Description>
			<Format>
				<Type>N</Type>
				<DecimalPlaces></DecimalPlaces>
				<Mask></Mask>
				<Separator></Separator>
			</Format>
			<Id>VLRPARC</Id>
			<ExcellColumnNumber></ExcellColumnNumber>
		</Field>
		
		<Field>
			<Size>3</Size>
			<Description>Plazo_Credito</Description>
			<Format>
				<Type>N</Type>
				<DecimalPlaces></DecimalPlaces>
				<Mask></Mask>
				<Separator></Separator>
			</Format>
			<Id>QTDPARC</Id>
			<ExcellColumnNumber></ExcellColumnNumber>
		</Field>
		
		<Field>
			<Size>3</Size>
			<Description>Plazo_Seguro</Description>
			<Format>
				<Type>N</Type>
				<DecimalPlaces></DecimalPlaces>
				<Mask></Mask>
				<Separator></Separator>
			</Format>
			<Id>QTDVENCPARC</Id>
			<ExcellColumnNumber></ExcellColumnNumber>
		</Field>
		
		<Field>
			<Size>1</Size>
			<Description>Franquicia_Tarjeta_Credito</Description>
			<Format>
				<Type>N</Type>
				<DecimalPlaces></DecimalPlaces>
				<Mask></Mask>
				<Separator></Separator>
			</Format>
			<Id>CRD_TYP</Id>
			<ExcellColumnNumber></ExcellColumnNumber>
		</Field>
		
		<Field>
			<Size>1</Size>
			<Description>Codigo_Plan</Description>
			<Format>
				<Type>C</Type>
				<DecimalPlaces></DecimalPlaces>
				<Mask></Mask>
				<Separator></Separator>
			</Format>
			<Id>CODPACOTE</Id>
			<ExcellColumnNumber></ExcellColumnNumber>
		</Field>
		
		<Field>
			<Size>2</Size>
			<Description>Tipo_Prima</Description>
			<Format>
				<Type>C</Type>
				<DecimalPlaces></DecimalPlaces>
				<Mask></Mask>
				<Separator></Separator>
			</Format>
			<Id>AUX09</Id>
			<ExcellColumnNumber></ExcellColumnNumber>
		</Field>
		
		<Field>
			<Size>75</Size>
			<Description>Email</Description>
			<Format>
				<Type>C</Type>
				<DecimalPlaces></DecimalPlaces>
				<Mask></Mask>
				<Separator></Separator>
			</Format>
			<Id>EMAILCLIENTE</Id>
			<ExcellColumnNumber></ExcellColumnNumber>
		</Field>
		
		<Field>
			<Size>2</Size>
			<Description>Sexo</Description>
			<Format>
				<Type>C</Type>
				<DecimalPlaces></DecimalPlaces>
				<Mask></Mask>
				<Separator></Separator>
			</Format>
			<Id>SEXO</Id>
			<ExcellColumnNumber></ExcellColumnNumber>
		</Field>
		
		<Field>
			<Size>255</Size>
			<Description>Direccion_Residencia</Description>
			<Format>
				<Type>C</Type>
				<DecimalPlaces></DecimalPlaces>
				<Mask></Mask>
				<Separator></Separator>
			</Format>
			<Id>AUX10</Id>
			<ExcellColumnNumber></ExcellColumnNumber>
		</Field>
		
		<Field>
			<Size>3</Size>
			<Description>Codigo_Ciudad_Residencia</Description>
			<Format>
				<Type>C</Type>
				<DecimalPlaces></DecimalPlaces>
				<Mask></Mask>
				<Separator></Separator>
			</Format>
			<Id>END_CEP</Id>
			<ExcellColumnNumber></ExcellColumnNumber>
		</Field>
				
		<Field>
			<Size>45</Size>
			<Description>Pais_Residencia</Description>
			<Format>
				<Type>C</Type>
				<DecimalPlaces></DecimalPlaces>
				<Mask></Mask>
				<Separator></Separator>
			</Format>
			<Id>AUX11</Id>
			<ExcellColumnNumber></ExcellColumnNumber>
		</Field>
		
		<Field>
			<Size>16</Size>
			<Description>Telefono</Description>
			<Format>
				<Type>C</Type>
				<DecimalPlaces></DecimalPlaces>
				<Mask></Mask>
				<Separator></Separator>
			</Format>
			<Id>AUX12</Id>
			<ExcellColumnNumber></ExcellColumnNumber>
		</Field>
		
		<Field>
			<Size>16</Size>
			<Description>Celular</Description>
			<Format>
				<Type>C</Type>
				<DecimalPlaces></DecimalPlaces>
				<Mask></Mask>
				<Separator></Separator>
			</Format>
			<Id>AUX13</Id>
			<ExcellColumnNumber></ExcellColumnNumber>
		</Field>
		
		<Field>
			<Size>10</Size>
			<Description>Profesion</Description>
			<Format>
				<Type>C</Type>
				<DecimalPlaces></DecimalPlaces>
				<Mask></Mask>
				<Separator></Separator>
			</Format>
			<Id>AUX14</Id>
			<ExcellColumnNumber></ExcellColumnNumber>
		</Field>
		
		<Field>
			<Size>64</Size>
			<Description>Region</Description>
			<Format>
				<Type>C</Type>
				<DecimalPlaces></DecimalPlaces>
				<Mask></Mask>
				<Separator></Separator>
			</Format>
			<Id>AUX15</Id>
			<ExcellColumnNumber></ExcellColumnNumber>
		</Field>
		
		<Field>
			<Size>20</Size>
			<Description>Sucursal</Description>
			<Format>
				<Type>C</Type>
				<DecimalPlaces></DecimalPlaces>
				<Mask></Mask>
				<Separator></Separator>
			</Format>
			<Id>AUX16</Id>
			<ExcellColumnNumber></ExcellColumnNumber>
		</Field>
		
		<Field>
			<Size>20</Size>
			<Description>Ciudad</Description>
			<Format>
				<Type>C</Type>
				<DecimalPlaces></DecimalPlaces>
				<Mask></Mask>
				<Separator></Separator>
			</Format>
			<Id>END_CIDADE</Id>
			<ExcellColumnNumber></ExcellColumnNumber>
		</Field>
		
		<Field>
			<Size>1</Size>
			<Description>Canal_De_Venta</Description>
			<Format>
				<Type>C</Type>
				<DecimalPlaces></DecimalPlaces>
				<Mask></Mask>
				<Separator></Separator>
			</Format>
			<Id>AUX17</Id>
			<ExcellColumnNumber></ExcellColumnNumber>
		</Field>
		
		<Field>
			<Size>20</Size>
			<Description>Oficina</Description>
			<Format>
				<Type>C</Type>
				<DecimalPlaces></DecimalPlaces>
				<Mask></Mask>
				<Separator></Separator>
			</Format>
			<Id>AUX18</Id>
			<ExcellColumnNumber></ExcellColumnNumber>
		</Field>
		
		<Field>
			<Size>80</Size>
			<Description>Nombre_Apellido_Asesor</Description>
			<Format>
				<Type>C</Type>
				<DecimalPlaces></DecimalPlaces>
				<Mask></Mask>
				<Separator></Separator>
			</Format>
			<Id>AUX19</Id>
			<ExcellColumnNumber></ExcellColumnNumber>
		</Field>
		
		<Field>
			<Size>12</Size>
			<Description>Documento_Asesor</Description>
			<Format>
				<Type>C</Type>
				<DecimalPlaces></DecimalPlaces>
				<Mask></Mask>
				<Separator></Separator>
			</Format>
			<Id>AUX20</Id>
			<ExcellColumnNumber></ExcellColumnNumber>
		</Field>
		
		<Field>
			<Size>10</Size>
			<Description>Codigo_Asesor</Description>
			<Format>
				<Type>C</Type>
				<DecimalPlaces></DecimalPlaces>
				<Mask></Mask>
				<Separator></Separator>
			</Format>
			<Id>AUX21</Id>
			<ExcellColumnNumber></ExcellColumnNumber>
		</Field>
		
		<Field>
			<Size>3</Size>
			<Description>Pais_Asegurado</Description>
			<Format>
				<Type>N</Type>
				<DecimalPlaces></DecimalPlaces>
				<Mask></Mask>
				<Separator></Separator>
			</Format>
			<Id>AUX22</Id>
			<ExcellColumnNumber></ExcellColumnNumber>
		</Field>
		
		<Field>
			<Size>3</Size>
			<Description>Nacionalidad_Asegurado</Description>
			<Format>
				<Type>N</Type>
				<DecimalPlaces></DecimalPlaces>
				<Mask></Mask>
				<Separator></Separator>
			</Format>
			<Id>AUX24</Id>
			<ExcellColumnNumber></ExcellColumnNumber>
		</Field>
		
		<Field>
			<Size>100</Size>
			<Description>Causal_Rechazo</Description>
			<Format>
				<Type>C</Type>
				<DecimalPlaces></DecimalPlaces>
				<Mask></Mask>
				<Separator></Separator>
			</Format>
			<Id>AUX25</Id>
			<ExcellColumnNumber></ExcellColumnNumber>
		</Field>		

	</Detail>
	<Trailler></Trailler>
</Structure>