<?xml version="1.0" encoding="ISO-8859-1"?>
<report name="CAM_AFS_00034" description="Reporte Movimientos QA UPL" category="Reportes de Cargues">
    <provider name="com.bnpparibas.cardif.reportweb.commons.service.provider.dbf.DbfProvider" />
    <in>
        <parameter name="tipo" type="TEXT" required="true" description="Tipo Busqueda (1 Poliza / 2 IdUpload / 3 Ambos)" />
        <parameter name="poliza" type="TEXT" required="false" description="Certificado" />
        <parameter name="idupload" type="TEXT" required="false" description="ID Upload" />
        <parameter name="reportType" type="LIST" required="true" description="Formato" provider="com.bnpparibas.cardif.reportweb.configuration.entity.parameter.provider.ReportTypeCollectionProvider" />
    </in>
    <query>
        <value>
            <![CDATA[
WITH T AS
(      select
          upl.FILEPRC_ID,
          cpr.DESCRIPTION,
          CCOPPD.PRODINSRNCECMPNYNAMEINPUT NOMB_COMERCI, 
          CCOPPD.PRODUCTLEGALREGSTRTNNBINPUT PRODUCTO_CONTABLE,                 
          cpr.PRODUCTID PRODUCTO_INTERNO_PIMS,
          fs.description statedes,
          nvl(nvl(REN.REQUESTDATEINPUT,RES.REQUESTDATEINPUT),pdco.FINISHDATE) REQUESTDATEINPUT,
          nvl(nvl(REN.CALCULTDREFUNDREFDATEINPUT,RES.CALCULTDREFUNDREFDATEINPUT),ce.EFFECTIVEMOVEMENTDATEINPUT) cancelation_date,
          nvl(nvl(REN.reasondescinput,RES.reasondescinput),ce.reasondescinput) cancelation_desc,
          nvl(REN.PROTOCOLNBINPUT,RES.PROTOCOLNBINPUT) cancelation_code,
          pdco.POD_POLICYNUMBER,
          CPP.PLANOPTIONTYPEINPUT,
          TO_CHAR(pdco.initialdate,'YYYY-MM-DD HH24:MI:SS') initialdate,
          TO_CHAR(pdco.FINISHDATE,'YYYY-MM-DD HH24:MI:SS') FINISHDATE,
          TO_CHAR(pdco.AUDITDATE,'YYYY-MM-DD HH24:MI:SS') AUDITDATE,
          ope_513.QUOTE,
          TO_CHAR(cpp.POLLASTPREMBILLNGDATEINPUT,'YYYY-MM-DD HH24:MI:SS') QUOTE_LASTPREMBILDATE,
          TO_CHAR(cpp.NEXTPREMIUMBILLINGDATEINPUT,'YYYY-MM-DD HH24:MI:SS') QUOTE_NEXTPREMBILDATE,
          DENSE_RANK() OVER (PARTITION BY ag.agregatedpolicyid, ope_513.QUOTE, TM.ROL_ID ORDER BY tm.THIRDPARTY) || '.' || nvl(rode.rol_description,'') || '.' || nvl(tm.CONCEPT,'') tm_concept,
          tm.AMMOUNT tm_AMMOUNT,
          ope_513.status,
          ope_513.opm_substatus,
          (select max(lfpa.PROCESSING_USER) from UPLOAD.LIFE_FLE_PRC_AUDIT lfpa  where (lfpa.FILEPRC_ID = upl.FILEPRC_ID)) as usuario
      from braxts_cfg.policydco                           pdco
          inner join  braxts_cfg.ccoptppolicy              cpp         on  PDCO.dcoid              =   cpp.PK 
          inner join  braxts_cfg.agregatedpolicy           ag          on  ag.agregatedpolicyid    =   PDCO.AGREGATEDOBJECTID
          inner join  braxts_cfg.policydco                 fspd        on  fspd.OPERATIONPK        =   ag.OPERATIONPK
          inner join  braxts_cfg.state                     fs          on  fs.STATEID              =   fspd.STATEID
          inner join  BRAXTS_CFG.EVENTDCO                  edco        on  edco.OPERATIONPK        =   fspd.OPERATIONPK
          left join   BRAXTS_CFG.CCOXTPRENUNCIATIONEVENT   REN         on  REN.PK                  =   EDCO.IDDCOEVENT
          left join   BRAXTS_CFG.CCOXTPRESCINDINGEVENT     RES         on  RES.PK                  =   EDCO.IDDCOEVENT
          left join   BRAXTS_CFG.CCOXTPCLOSINGEVENT        ce          on  ce.PK                   =   edco.IDDCOEVENT
          inner join  BRAXTS_CFG.PRODUCT                   cpr         on  cpr.PRODUCTID           =   ag.PRODUCTID
          inner join  BRAXTS_CFG.CCOPTPPRODUCT             CCOPPD      on  CCOPPD.STATIC           =   cpr.PRODUCTID
          inner join  braxts_cfg.CCOPTPPOLICY              cpt         on  PDCO.dcoid              =   cpt.pk
          inner join  BRAXTS_CFG.THIRDPARTYMOVEMENTPOLICY  tm          on  tm.OPERATIONPK          =   PDCO.OPERATIONPK
          inner join BRAXTS_CFG.CCOPTPTHIRDPARTY    ctpy  on  ctpy.static     =   tm.THIRDPARTY
          left join   BRAXTS_CFG.STTS_ROLE                  rode        on  rode.ROL_ID             =   tm.ROL_ID
          left join   braxts_cfg.openitem                   ope_513     on  ope_513.operationpk     =   pdco.operationpk and ope_513.dty_id = 513
          left join   BRAXTS_CFG.stpo_aslpolicylog          stpo        on  stpo.ASLP_OPERATIONPK   =   PDCO.OPERATIONPK
          left join   upload.life_upl                       upl         on  upl.UPLD_ID             = stpo.ASL_PIMS_ID   
      where tm.concept not in ('ninguno','RiskPremium','CommissionDue','PremiumBilled')
          and PDCO.STATUS = 2
          and ((:tipo=1 AND pdco.POD_POLICYNUMBER=:poliza) OR (:tipo=2 AND UPL.FILEPRC_ID = :idupload)                   
          OR (:tipo=3 AND pdco.POD_POLICYNUMBER=:poliza  AND UPL.FILEPRC_ID = :idupload)) 
		       :poliza_condicion
		       :upload_condicion 
      union all
      select
          upl.FILEPRC_ID,
          cpr.DESCRIPTION,
		  CCOPPD.PRODINSRNCECMPNYNAMEINPUT NOMB_COMERCI, 
          CCOPPD.PRODUCTLEGALREGSTRTNNBINPUT PRODUCTO_CONTABLE,
          cpr.PRODUCTID PRODUCTO_INTERNO_PIMS,
          fs.description statedes,
          nvl(nvl(REN.REQUESTDATEINPUT,RES.REQUESTDATEINPUT),pdco.FINISHDATE) REQUESTDATEINPUT,
          nvl(nvl(REN.CALCULTDREFUNDREFDATEINPUT,RES.CALCULTDREFUNDREFDATEINPUT),ce.EFFECTIVEMOVEMENTDATEINPUT) cancelation_date,
          nvl(nvl(REN.reasondescinput,RES.reasondescinput),ce.reasondescinput) cancelation_desc,
          nvl(REN.PROTOCOLNBINPUT,RES.PROTOCOLNBINPUT) cancelation_code,
          pdco.POD_POLICYNUMBER,
          CPP.PLANOPTIONTYPEINPUT,
          TO_CHAR(pdco.initialdate, 'YYYY-MM-DD HH24:MI:SS') initialdate,
          TO_CHAR(pdco.FINISHDATE,  'YYYY-MM-DD HH24:MI:SS') FINISHDATE,
          TO_CHAR(pdco.AUDITDATE,   'YYYY-MM-DD HH24:MI:SS') AUDITDATE,
          0 QUOTE,
          TO_CHAR(cpp.POLLASTPREMBILLNGDATEINPUT,'YYYY-MM-DD HH24:MI:SS') QUOTE_LASTPREMBILDATE,
          TO_CHAR(cpp.NEXTPREMIUMBILLINGDATEINPUT,'YYYY-MM-DD HH24:MI:SS') QUOTE_NEXTPREMBILDATE,
          '1.PremiumPayer.GrossPremium' tm_concept,
          0 tm_AMMOUNT,
          '' status,
          '' opm_substatus,
          (select max(lfpa.PROCESSING_USER) from UPLOAD.LIFE_FLE_PRC_AUDIT lfpa  where (lfpa.FILEPRC_ID = upl.FILEPRC_ID)) as usuario
      from braxts_cfg.policydco                           pdco
          inner join  braxts_cfg.ccoptppolicy              cpp         on  PDCO.dcoid              =   cpp.PK 
          inner join  braxts_cfg.agregatedpolicy           ag          on  ag.agregatedpolicyid    =   PDCO.AGREGATEDOBJECTID
          --Finish State
          inner join  braxts_cfg.policydco                 fspd        on  fspd.OPERATIONPK        =   ag.OPERATIONPK
          inner join  braxts_cfg.state                     fs          on  fs.STATEID              =   fspd.STATEID
          --Cancelation Reason:
          inner join  BRAXTS_CFG.EVENTDCO                  edco        on  edco.OPERATIONPK        =   fspd.OPERATIONPK
          left join   BRAXTS_CFG.CCOXTPRENUNCIATIONEVENT   REN         on  REN.PK                  =   EDCO.IDDCOEVENT
          left join   BRAXTS_CFG.CCOXTPRESCINDINGEVENT     RES         on  RES.PK                  =   EDCO.IDDCOEVENT
          left join   BRAXTS_CFG.CCOXTPCLOSINGEVENT        ce          on  ce.PK                   =   edco.IDDCOEVENT
          inner join  BRAXTS_CFG.PRODUCT                   cpr         on  cpr.PRODUCTID           =   ag.PRODUCTID
          inner join  BRAXTS_CFG.CCOPTPPRODUCT             CCOPPD      on  CCOPPD.STATIC           =   cpr.PRODUCTID
          inner join  braxts_cfg.CCOPTPPOLICY              cpt         on  PDCO.dcoid              =   cpt.pk
          left join  BRAXTS_CFG.THIRDPARTYMOVEMENTPOLICY   tm          on  tm.OPERATIONPK          =   PDCO.OPERATIONPK
          left join   BRAXTS_CFG.stpo_aslpolicylog         stpo        on  stpo.ASLP_OPERATIONPK   =   PDCO.OPERATIONPK 
          left join   upload.life_upl                      upl         on  upl.UPLD_ID             = stpo.ASL_PIMS_ID
      where tm.OPERATIONPK is null
          and PDCO.STATUS = 2
          and ((:tipo=1 AND pdco.POD_POLICYNUMBER=:poliza) OR (:tipo=2 AND UPL.FILEPRC_ID = :idupload)                   
          OR (:tipo=3 AND pdco.POD_POLICYNUMBER=:poliza  AND UPL.FILEPRC_ID = :idupload)) 
		       :poliza_condicion
		       :upload_condicion 
)
select
    FILEPRC_ID,
    DESCRIPTION,
	NOMB_COMERCI, 
    PRODUCTO_CONTABLE PROD_CON,
    PRODUCTO_INTERNO_PIMS PROD_PIMS,
    POD_POLICYNUMBER POLICY_NUM,
    statedes,
    cancelation_desc canc_desc,
    cancelation_date canc_date,
    REQUESTDATEINPUT CANC_REQU,
    cancelation_code canc_code,
    PLANOPTIONTYPEINPUT PLANC,
    initialdate DATE_INIT,
    FINISHDATE DATE_FINI,
    AUDITDATE DATE_AUDIT,
    QUOTE,
    QUOTE_LASTPREMBILDATE QUOTE_BEGI,
    QUOTE_NEXTPREMBILDATE QUOTE_END,
    STATUS,
    OPM_SUBSTATUS,
    usuario,
    SUM(NVL(PremiumPayer1_GrossPremium,                         0))     PREM_GR,
    SUM(NVL(PremiumPayer1_NetPremium,               0)) PREM_NT,
    SUM(NVL(PremiumPayer1_PremiumTax,               0)) PREM_TX,
    SUM(NVL(Partner1_GrossComm,                     0)) PACO_1_GR,
    SUM(NVL(Partner1_NetComm,                       0)) PACO_1_NT,
    SUM(NVL(Partner1_CommTax,                       0)) PACO_1_TX,
    SUM(NVL(Partner1_GrossPremium,                  0)) PAPR_1_GR,
    SUM(NVL(Partner1_NetPremium,                    0)) PAPR_1_NT,
    SUM(NVL(Partner1_PremiumTax,                    0)) PAPR_1_TX,
    SUM(NVL(Partner1_SecndGrossComm,                0)) PASC_1_GR,
    SUM(NVL(Partner1_SecndNetComm,                  0)) PASC_1_NT,
    SUM(NVL(Partner1_SecndCommTax,                  0)) PASC_1_TX,
    SUM(NVL(Subscriber1_GrossPremium,               0)) SUPR_1_GR,
    SUM(NVL(Subscriber1_NetPremium,                 0)) SUPR_1_NT,
    SUM(NVL(Subscriber1_PremiumTax,                 0)) SUPR_1_TX,
    SUM(NVL(Subscriber1_GrossComm,                  0)) SUCO_1_GR,
    SUM(NVL(Subscriber1_NetComm,                    0)) SUCO_1_NT,
    SUM(NVL(Subscriber1_CommTax,                    0)) SUCO_1_TX,
    SUM(NVL(Subscriber1_SecndGrossComm,             0)) SUSC_1_GR,
    SUM(NVL(Subscriber1_SecndNetComm,               0)) SUSC_1_NT,
    SUM(NVL(Subscriber1_SecndCommTax,               0)) SUSC_1_TX,
    SUM(NVL(Subscriber21_GrossPremium,              0)) SU2PR_1_GR,
    SUM(NVL(Subscriber21_NetPremium,                0)) SU2PR_1_NT,
    SUM(NVL(Subscriber21_PremiumTax,                0)) SU2PR_1_TX,
    SUM(NVL(Subscriber21_GrossComm,                 0)) SU2CO_1_GR,
    SUM(NVL(Subscriber21_NetComm,                   0)) SU2CO_1_NT,
    SUM(NVL(Subscriber21_CommTax,                   0)) SU2CO_1_TX,
    SUM(NVL(Subscriber21_SecndGrossComm,            0)) SU2SC_1_GR,
    SUM(NVL(Subscriber21_SecndNetComm,              0)) SU2SC_1_NT,
    SUM(NVL(Subscriber21_SecndCommTax,              0)) SU2SC_1_TX,
    SUM(NVL(Broker1_GrossPremium,                   0)) BRPR_1_GR,
    SUM(NVL(Broker1_NetPremium,                     0)) BRPR_1_NT,
    SUM(NVL(Broker1_PremiumTax,                     0)) BRPR_1_TX,
    SUM(NVL(Broker1_GrossComm,                      0)) BRCO_1_GR,
    SUM(NVL(Broker1_NetComm,                        0)) BRCO_1_NT,
    SUM(NVL(Broker1_CommTax,                        0)) BRCO_1_TX,
    SUM(NVL(Broker1_SecndGrossComm,                 0)) BRSC_1_GR,
    SUM(NVL(Broker1_SecndNetComm,                   0)) BRSC_1_NT,
    SUM(NVL(Broker1_SecndCommTax,                   0)) BRSC_1_TX,
    SUM(NVL(Seller1_GrossPremium,                   0)) SEPR_1_GR,
    SUM(NVL(Seller1_NetPremium,                     0)) SEPR_1_NT,
    SUM(NVL(Seller1_PremiumTax,                     0)) SEPR_1_TX,
    SUM(NVL(Seller1_GrossComm,                      0)) SECO_1_GR,
    SUM(NVL(Seller1_NetComm,                        0)) SECO_1_NT,
    SUM(NVL(Seller1_CommTax,                        0)) SECO_1_TX,
    SUM(NVL(Seller1_SecndGrossComm,                 0)) SESC_1_GR,
    SUM(NVL(Seller1_SecndNetComm,                   0)) SESC_1_NT,
    SUM(NVL(Seller1_SecndCommTax,                   0)) SESC_1_TX,
    SUM(NVL(Subscriber2_GrossPremium,               0)) SUPR_2_GR,
    SUM(NVL(Subscriber2_NetPremium,                 0)) SUPR_2_NT,
    SUM(NVL(Subscriber2_PremiumTax,                 0)) SUPR_2_TX,
    SUM(NVL(Subscriber2_GrossComm,                  0)) SUCO_2_GR,
    SUM(NVL(Subscriber2_NetComm,                    0)) SUCO_2_NT,
    SUM(NVL(Subscriber2_CommTax,                    0)) SUCO_2_TX,
    SUM(NVL(Subscriber2_SecndGrossComm,             0)) SUSC_2_GR,
    SUM(NVL(Subscriber2_SecndNetComm,               0)) SUSC_2_NT,
    SUM(NVL(Subscriber2_SecndCommTax,               0)) SUSC_2_TX,
    SUM(NVL(Subscriber22_GrossPremium,              0)) SU2PR_2_GR,
    SUM(NVL(Subscriber22_NetPremium,                0)) SU2PR_2_NT,
    SUM(NVL(Subscriber22_PremiumTax,                0)) SU2PR_2_TX,
    SUM(NVL(Subscriber22_GrossComm,                 0)) SU2CO_2_GR,
    SUM(NVL(Subscriber22_NetComm,                   0)) SU2CO_2_NT,
    SUM(NVL(Subscriber22_CommTax,                   0)) SU2CO_2_TX,
    SUM(NVL(Subscriber22_SecndGrossComm,            0)) SU2SC_2_GR,
    SUM(NVL(Subscriber22_SecndNetComm,              0)) SU2SC_2_NT,
    SUM(NVL(Subscriber22_SecndCommTax,              0)) SU2SC_2_TX,
    SUM(NVL(Broker2_GrossPremium,                   0)) BRPR_2_GR,
    SUM(NVL(Broker2_NetPremium,                     0)) BRPR_2_NT,
    SUM(NVL(Broker2_PremiumTax,                     0)) BRPR_2_TX,
    SUM(NVL(Broker2_GrossComm,                      0)) BRCO_2_GR,
    SUM(NVL(Broker2_NetComm,                        0)) BRCO_2_NT,
    SUM(NVL(Broker2_CommTax,                        0)) BRCO_2_TX,
    SUM(NVL(Broker2_SecndGrossComm,                 0)) BRSC_2_GR,
    SUM(NVL(Broker2_SecndNetComm,                   0)) BRSC_2_NT,
    SUM(NVL(Broker2_SecndCommTax,                   0)) BRSC_2_TX,
    SUM(NVL(Seller2_GrossPremium,                   0)) SEPR_2_GR,
    SUM(NVL(Seller2_NetPremium,                     0)) SEPR_2_NT,
    SUM(NVL(Seller2_PremiumTax,                     0)) SEPR_2_TX,
    SUM(NVL(Seller2_GrossComm,                      0)) SECO_2_GR,
    SUM(NVL(Seller2_NetComm,                        0)) SECO_2_NT,
    SUM(NVL(Seller2_CommTax,                        0)) SECO_2_TX,
    SUM(NVL(Seller2_SecndGrossComm,                 0)) SESC_2_GR,
    SUM(NVL(Seller2_SecndNetComm,                   0)) SESC_2_NT,
    SUM(NVL(Seller2_SecndCommTax,                   0)) SESC_2_TX
from  (
          SELECT *
          FROM T PIVOT  (
                            SUM(tm_AMMOUNT)
                            FOR tm_concept
                            IN  (     '1.PremiumPayer.GrossPremium'                                             PremiumPayer1_GrossPremium,
                                      '1.PremiumPayer.NetPremium'                                               PremiumPayer1_NetPremium,
                                      '1.PremiumPayer.PremiumTax'                                               PremiumPayer1_PremiumTax,
                                      '1.PremiumPayer.GrossCommission'                                  PremiumPayer1_GrossComm,
                                      '1.PremiumPayer.NetCommission'                                    PremiumPayer1_NetComm,
                                      '1.PremiumPayer.CommissionTax'                                    PremiumPayer1_CommTax,
                                      '1.PremiumPayer.SecondGrossCommission'                    PremiumPayer1_SecndGrossComm,
                                      '1.PremiumPayer.SecondNetCommission'                              PremiumPayer1_SecndNetComm,
                                      '1.PremiumPayer.SecondCommissionTax'                              PremiumPayer1_SecndCommTax,
                                      '1.Partner.GrossPremium'                                                  Partner1_GrossPremium,
                                      '1.Partner.NetPremium'                                                    Partner1_NetPremium,
                                      '1.Partner.PremiumTax'                                                    Partner1_PremiumTax,
                                      '1.Partner.GrossCommission'                                               Partner1_GrossComm,
                                      '1.Partner.NetCommission'                                                 Partner1_NetComm,
                                      '1.Partner.CommissionTax'                                                 Partner1_CommTax,
                                      '1.Partner.SecondGrossCommission'                                 Partner1_SecndGrossComm,
                                      '1.Partner.SecondNetCommission'                                   Partner1_SecndNetComm,
                                      '1.Partner.SecondCommissionTax'                                   Partner1_SecndCommTax,
                                      '1.Subscriber.GrossPremium'                                               Subscriber1_GrossPremium,
                                      '1.Subscriber.NetPremium'                                                 Subscriber1_NetPremium,
                                      '1.Subscriber.PremiumTax'                                                 Subscriber1_PremiumTax,
                                      '1.Subscriber.GrossCommission'                                    Subscriber1_GrossComm,
                                      '1.Subscriber.NetCommission'                                              Subscriber1_NetComm,
                                      '1.Subscriber.CommissionTax'                                              Subscriber1_CommTax,
                                      '1.Subscriber.SecondGrossCommission'                              Subscriber1_SecndGrossComm,
                                      '1.Subscriber.SecondNetCommission'                                Subscriber1_SecndNetComm,
                                      '1.Subscriber.SecondCommissionTax'                                Subscriber1_SecndCommTax,
                                      '1.Subscriber2.GrossPremium'                                              Subscriber21_GrossPremium,
                                      '1.Subscriber2.NetPremium'                                                Subscriber21_NetPremium,
                                      '1.Subscriber2.PremiumTax'                                                Subscriber21_PremiumTax,
                                      '1.Subscriber2.GrossCommission'                                   Subscriber21_GrossComm,
                                      '1.Subscriber2.NetCommission'                                             Subscriber21_NetComm,
                                      '1.Subscriber2.CommissionTax'                                             Subscriber21_CommTax,
                                      '1.Subscriber2.SecondGrossCommission'                             Subscriber21_SecndGrossComm,
                                      '1.Subscriber2.SecondNetCommission'                               Subscriber21_SecndNetComm,
                                      '1.Subscriber2.SecondCommissionTax'                               Subscriber21_SecndCommTax,
                                      '1.Broker.GrossPremium'                                                   Broker1_GrossPremium,
                                      '1.Broker.NetPremium'                                                             Broker1_NetPremium,
                                      '1.Broker.PremiumTax'                                                             Broker1_PremiumTax,
                                      '1.Broker.GrossCommission'                                                Broker1_GrossComm,
                                      '1.Broker.NetCommission'                                                  Broker1_NetComm,
                                      '1.Broker.CommissionTax'                                                  Broker1_CommTax,
                                      '1.Broker.SecondGrossCommission'                                  Broker1_SecndGrossComm,
                                      '1.Broker.SecondNetCommission'                                    Broker1_SecndNetComm,
                                      '1.Broker.SecondCommissionTax'                                    Broker1_SecndCommTax,
                                      '1.Seller.GrossPremium'                                                   Seller1_GrossPremium,
                                      '1.Seller.NetPremium'                                                             Seller1_NetPremium,
                                      '1.Seller.PremiumTax'                                                             Seller1_PremiumTax,
                                      '1.Seller.GrossCommission'                                                Seller1_GrossComm,
                                      '1.Seller.NetCommission'                                                  Seller1_NetComm,
                                      '1.Seller.CommissionTax'                                                  Seller1_CommTax,
                                      '1.Seller.SecondGrossCommission'                                  Seller1_SecndGrossComm,
                                      '1.Seller.SecondNetCommission'                                    Seller1_SecndNetComm,
                                      '1.Seller.SecondCommissionTax'                                    Seller1_SecndCommTax,
                                      '2.PremiumPayer.GrossPremium'                                             PremiumPayer2_GrossPremium,
                                      '2.PremiumPayer.NetPremium'                                               PremiumPayer2_NetPremium,
                                      '2.PremiumPayer.PremiumTax'                                               PremiumPayer2_PremiumTax,
                                      '2.PremiumPayer.GrossCommission'                                  PremiumPayer2_GrossComm,
                                      '2.PremiumPayer.NetCommission'                                    PremiumPayer2_NetComm,
                                      '2.PremiumPayer.CommissionTax'                                    PremiumPayer2_CommTax,
                                      '2.PremiumPayer.SecondGrossCommission'                    PremiumPayer2_SecndGrossComm,
                                      '2.PremiumPayer.SecondNetCommission'                              PremiumPayer2_SecndNetComm,
                                      '2.PremiumPayer.SecondCommissionTax'                              PremiumPayer2_SecndCommTax,
                                      '2.Partner.GrossPremium'                                                  Partner2_GrossPremium,
                                      '2.Partner.NetPremium'                                                    Partner2_NetPremium,
                                      '2.Partner.PremiumTax'                                                    Partner2_PremiumTax,
                                      '2.Partner.GrossCommission'                                               Partner2_GrossComm,
                                      '2.Partner.NetCommission'                                                 Partner2_NetComm,
                                      '2.Partner.CommissionTax'                                                 Partner2_CommTax,
                                      '2.Partner.SecondGrossCommission'                                 Partner2_SecndGrossComm,
                                      '2.Partner.SecondNetCommission'                                   Partner2_SecndNetComm,
                                      '2.Partner.SecondCommissionTax'                                   Partner2_SecndCommTax,
                                      '2.Subscriber.GrossPremium'                                               Subscriber2_GrossPremium,
                                      '2.Subscriber.NetPremium'                                                 Subscriber2_NetPremium,
                                      '2.Subscriber.PremiumTax'                                                 Subscriber2_PremiumTax,
                                      '2.Subscriber.GrossCommission'                                    Subscriber2_GrossComm,
                                      '2.Subscriber.NetCommission'                                              Subscriber2_NetComm,
                                      '2.Subscriber.CommissionTax'                                              Subscriber2_CommTax,
                                      '2.Subscriber.SecondGrossCommission'                              Subscriber2_SecndGrossComm,
                                      '2.Subscriber.SecondNetCommission'                                Subscriber2_SecndNetComm,
                                      '2.Subscriber.SecondCommissionTax'                                Subscriber2_SecndCommTax,
                                      '2.Subscriber2.GrossPremium'                                              Subscriber22_GrossPremium,
                                      '2.Subscriber2.NetPremium'                                                Subscriber22_NetPremium,
                                      '2.Subscriber2.PremiumTax'                                                Subscriber22_PremiumTax,
                                      '2.Subscriber2.GrossCommission'                                   Subscriber22_GrossComm,
                                      '2.Subscriber2.NetCommission'                                             Subscriber22_NetComm,
                                      '2.Subscriber2.CommissionTax'                                             Subscriber22_CommTax,
                                      '2.Subscriber2.SecondGrossCommission'                             Subscriber22_SecndGrossComm,
                                      '2.Subscriber2.SecondNetCommission'                               Subscriber22_SecndNetComm,
                                      '2.Subscriber2.SecondCommissionTax'                               Subscriber22_SecndCommTax,
                                      '2.Broker.GrossPremium'                                                   Broker2_GrossPremium,
                                      '2.Broker.NetPremium'                                                             Broker2_NetPremium,
                                      '2.Broker.PremiumTax'                                                             Broker2_PremiumTax,
                                      '2.Broker.GrossCommission'                                                Broker2_GrossComm,
                                      '2.Broker.NetCommission'                                                  Broker2_NetComm,
                                      '2.Broker.CommissionTax'                                                  Broker2_CommTax,
                                      '2.Broker.SecondGrossCommission'                                  Broker2_SecndGrossComm,
                                      '2.Broker.SecondNetCommission'                                    Broker2_SecndNetComm,
                                      '2.Broker.SecondCommissionTax'                                    Broker2_SecndCommTax,
                                      '2.Seller.GrossPremium'                                                   Seller2_GrossPremium,
                                      '2.Seller.NetPremium'                                                             Seller2_NetPremium,
                                      '2.Seller.PremiumTax'                                                             Seller2_PremiumTax,
                                      '2.Seller.GrossCommission'                                                Seller2_GrossComm,
                                      '2.Seller.NetCommission'                                                  Seller2_NetComm,
                                      '2.Seller.CommissionTax'                                                  Seller2_CommTax,
                                      '2.Seller.SecondGrossCommission'                                  Seller2_SecndGrossComm,
                                      '2.Seller.SecondNetCommission'                                    Seller2_SecndNetComm,
                                      '2.Seller.SecondCommissionTax'                                    Seller2_SecndCommTax
                                )
                        )
      ) tabla_tmp
group by
    FILEPRC_ID,
    DESCRIPTION,
	NOMB_COMERCI, 
    PRODUCTO_CONTABLE,
    PRODUCTO_INTERNO_PIMS,
    POD_POLICYNUMBER,
    statedes,
    cancelation_desc,
    cancelation_date,
    REQUESTDATEINPUT,
    cancelation_code,
    PLANOPTIONTYPEINPUT,
    initialdate,
    FINISHDATE,
    AUDITDATE,
    QUOTE,
    QUOTE_LASTPREMBILDATE,
    QUOTE_NEXTPREMBILDATE,
    STATUS,
    OPM_SUBSTATUS,
    usuario
ORDER BY
    PRODUCTO_CONTABLE,
    POD_POLICYNUMBER,
    QUOTE
 		]]>
        </value>
        <conditions>
            <condition name="poliza_condicion" notNullAndNotEmpty="poliza">
                <value>AND PDCO.POD_POLICYNUMBER = :poliza </value>
            </condition>
            <condition name="upload_condicion" notNullAndNotEmpty="idupload">
                <value>AND UPL.FILEPRC_ID = :idupload </value>
            </condition>
        </conditions>
    </query>
    <persistence>
        <repository>STRP_RPOR_MOVI_QA_UPL</repository>
    </persistence>
</report>