<?xml version="1.0" encoding="ISO-8859-1"?>

<report name="COL_JOB_00003" description="Reporte peri�dicas por generar, para polizas que tengan fecha fin mayor que la fecha de ejecuci�n" 
	category="Reportes de Jobs">

	<provider name="com.bnpparibas.cardif.reportweb.commons.service.provider.dbf.DbfProvider" />
	<provider name="com.bnpparibas.cardif.reportweb.commons.service.provider.file.DefaultFileReportProvider" />
	
	<in>
		<parameter name="producto" type="LIST" required="true" description="Producto" provider="com.bnpparibas.cardif.reportweb.configuration.entity.parameter.provider.ProductCollectionProvider" />
		<parameter name="reportType" type="LIST" required="true" description="Formato" provider="com.bnpparibas.cardif.reportweb.configuration.entity.parameter.provider.ReportTypeCollectionProvider" />
	</in>

	<query>
		<value>
		<![CDATA[
		WITH REPORTE_A AS (
			SELECT 
				COUNT(*) QUANTITY,
				PRODUCT_NAME, 
				TO_CHAR(POL.NEXTPREMIUMBILLINGDATEINPUT,'MM') PERIODICMONTH, 
				TO_CHAR(pol.NEXTPREMIUMBILLINGDATEINPUT,'YYYY') PERIODICYEAR,
				PRODUCTLEGALREGSTRTNNBINPUT PRODUCT_CODE, 
				POL.PREMIUMPERIODICITYTYPEINPUT PREMIUMPERIODICITY, 
				SYSDATE EXTRACTIONDATE
			FROM BRAXTS_CFG.AGREGATEDPOLICY AP
			INNER JOIN BRAXTS_CFG.POLICYDCO PDCO ON PDCO.OPERATIONPK = AP.OPERATIONPK
			INNER JOIN BRAXTS_CFG.CCOPTPPRODUCT PRD ON PRD.STATIC = AP.PRODUCTID
			INNER JOIN BRAXTS_CFG.CCOPTPPOLICY POL ON POL.PK = PDCO.DCOID AND POL.PREMIUMPERIODICITYTYPEINPUT IN ('Monthly','Yearly')
			WHERE AP.PRODUCTID = :producto
				AND PDCO.STATUS=2 AND PDCO.POLICY_STATE=8 AND PDCO.FINISHDATE >= SYSDATE
			GROUP BY PRODUCT_NAME, TO_CHAR(POL.NEXTPREMIUMBILLINGDATEINPUT,'MM'), TO_CHAR(pol.NEXTPREMIUMBILLINGDATEINPUT,'YYYY'),PRODUCTLEGALREGSTRTNNBINPUT, POL.PREMIUMPERIODICITYTYPEINPUT		
		)
		SELECT QUANTITY,PRODUCT_NAME,PERIODICMONTH,PERIODICYEAR,PRODUCT_CODE,PREMIUMPERIODICITY,EXTRACTIONDATE 
		FROM REPORTE_A
		GROUP BY QUANTITY,PRODUCT_NAME,PERIODICMONTH,PERIODICYEAR,PRODUCT_CODE,PREMIUMPERIODICITY,EXTRACTIONDATE 
			]]>
		</value>
	</query>
	<persistence>
		<repository>strp_report_periodic_to_gen</repository>
	</persistence>
</report>  