<?xml version="1.0" encoding="ISO-8859-1"?>

<report name="CAM_AFS_00028" description="28 Reporte Producci�n Diaria" category="Reportes de Cargues">

	<provider name="com.bnpparibas.cardif.reportweb.commons.service.provider.dbf.DbfProvider" />

	<in>
		<parameter name="startDate" valuePattern="dd/MM/yyyy" type="DATE" description="Fecha Inicio" required="true" />
		<parameter name="endDate" valuePattern="dd/MM/yyyy" type="DATE" description="Fecha Fin" required="true" />
	</in>

	<query>
		<value>
		<![CDATA[
			SELECT 
			PRD.PRODUCTLEGALREGSTRTNNBINPUT AS PRODUCTO,
			PDCO.POD_POLICYNUMBER AS POLIZA,
			CPT.THIRDPARTYFULLNAMEINPUT AS NOMBRE, 
			NP.THIRDPARTYDOCUMENTTYPEINPUT AS TIPO_DOC, 
			CPT.THIRDPARTYNBINPUT AS NUMERO_DOC,
			NP.BIRTHDATEINPUT AS FECHA_NAC,
			NP.BIRTHCOUNTRYNAMEINPUT BIRTH_COUNTRY, 
			NP.NATIONALITYTYPEINPUT NATIONALITY,
			CASE TPA.TAB_TYPE 
			WHEN 1 THEN 'Residencial' 
			WHEN 2 THEN 'Profesional' 
			WHEN 3 THEN 'Cobranza' END AS TIPO_DIRECCION, 
			POS.COUNTRYNAMEINPUT COUNTRY_RESID,
			PDCO.AUDITDATE FECHA_INCLUSION, 
			PDCO.INITIALDATE FECHA_INICIO, 
			PDCO.FINISHDATE FECHA_FIN, 
			PDCO.OPERATIONPK
				FROM POLICYDCO PDCO
				INNER JOIN AGREGATEDPOLICY AP ON AP.OPERATIONPK = PDCO.OPERATIONPK
				INNER JOIN EVENTDCO EDCO ON EDCO.OPERATIONPK = PDCO.OPERATIONPK
				INNER JOIN EVENTTYPE EVT ON EVT.EVENTTYPEID = EDCO.EVENTTYPEID AND EVT.DESCRIPTION = 'Activate policy subscription request after creation'
				INNER JOIN CCOPTPPRODUCT PRD ON PRD.STATIC = AP.PRODUCTID
				INNER JOIN PARTICIPATIONVERSIONINSURANCE PVI ON PVI.OPERATIONPK = PDCO.OPERATIONPK
				INNER JOIN CCOPTPTHIRDPARTY CPT ON CPT.STATIC = PVI.THIRDPARTYID
				INNER JOIN NATURALPERSON NP ON NP.STATIC = PVI.THIRDPARTYID
				INNER JOIN STTE_THIRDPARTYADDRESSBOOK TPA ON TPA.TPT_ID = PVI.THIRDPARTYID
				INNER JOIN CCOXTPPOSTALADDRESS POS ON POS.PK = TPA.IDDCO
					WHERE PDCO.AUDITDATE BETWEEN :startDate AND :endDate + 1
					AND PDCO.STATUS = 2
			]]>
		</value>
	</query>

	<persistence>
		<repository>STRP_COMPLIANCE_RPT</repository>
	</persistence>
</report>