<?xml version="1.0" encoding="ISO-8859-1"?>

<report name="CAM_AFS_00007" description="07 Reporte Entry Emisiones" category="Reportes Socio">

	<provider name="com.bnpparibas.cardif.reportweb.commons.service.provider.dbf.DbfProvider" />

	<in>
		<parameter name="date" valuePattern="dd/MM/yyyy" type="DATE" description="Fecha Fin de Mes" required="true" />
		<parameter name="socio" type="LIST" required="true" description="Socio"
			provider="pa.com.bnpparibas.cardif.reportweb.configuration.entity.parameter.provider.PartnerCollectionProvider2" />
	</in>

	<query>
		<value>
		WITH REPORTE_A AS (
			SELECT DISTINCT ENT.ENTRYACCOUNTNBINPUT AS COD_CUENTA,
			ENT.ENTRYCOMPANYNAMEINPUT AS COD_SUN,
			ENT.ENTRYDISTRIBUTIONDATEINPUT AS FECHA_ACTUAL,
			ENT.ENTRYMOVEMENTTYPEINPUT AS COD_TIPO_MOV,
			ENT.ENTRYCALCULATEDMVTTYPEINPUT AS NOMBRE_MOV,
			ENT.ENTRYACCOUNTINGMVTDATEINPUT AS FECHA_ULTIMO_DIA_MES,
			ENT.ENTRYACCOUNTGENRTNDATEINPUT AS FECHA_ENTRADA_MOV_CONT,
			ENT.ENTRYACCOUNTMVTAMNTINPUT AS PRIMA_NETA,
			OP.AMOUNT AS PRIMA_BRUTA,
			ENT.ENTRYACCOUNTMVTNAMEINPUT AS INFO_MOV_CONT,
			ENT.ENTRYCURRENCYCODEINPUT AS MONEDA,
			ENT.ENTRYPOLICYNBINPUT AS NUM_POLIZA,
			ENT.ENTRYJOURNALTYPECODEINPUT AS TIPO_DIARIO,
			ENT.ENTRYACCNTREFRNCENAMEINPUT AS REFERENCIATRANSACCION,
			ENT.ENTRYTHIRDPARTYNBINPUT AS NUM_DOC_TERCERO,
			ENT.ENTRYMVTPRDCITYTYPEINPUT AS PERIODO_CONTABLE,
			ENT.ENTRYAGGRGTNREFRNCENBINPUT AS MVTO_COD_CONT_PER_CON,
			ENT.ENTRYTRANSACAMNTDECQTYINPUT AS CANT_DECIMALES,
			ENT.ENTRYBASEAMNTINPUT AS DIFERENCIACION_MONEDA,
			ENT.ENTRYBASEOPERATORTXTINPUT AS COLLECTOR,
			ENT.ENTRYBASERATEINPUT AS TRM,
			ENT.ENTRYCONVERSIONRATEINPUT AS TASA_CONVERSION,
			ENT.ENTRYJOURNALSOURCETXTINPUT AS DESC_DEF_CONTABLE,
			ENT.ENTRYANALYSISICODEINPUT AS FECHA_INI_PER_CONTABLE,
			ENT.ENTRYANALYSISIICODEINPUT AS COD_CONTABLE,
			ENT.ENTRYANALYSISIVCODEINPUT AS FECHA_FIN_PER_CONT,
			ENT.ENTRYANALYSISVCODEINPUT AS COD_SOCIO,
			ENT.ENTRYANALYSISVICODEINPUT AS DOCUMENTO,
			ENT.ENTRYANALYSISVIICODEINPUT AS DESC_PER_CONT,
			ENT.ENTRYANALYSISVIIICODEINPUT AS OPENITEM,
			ENT.ENTRYANALYSISIXCODEINPUT AS CAUSAL_NOVEDAD,
			ENT.ENTRYANALYSISXCODEINPUT AS PLAN_FIJO,
			ENT.ENTRYGENERALIDESCINPUT AS DEF_EVENTO_ACSEL_E,
			ENT.ENTRYGENERALIIDESCINPUT AS PLN_OPTION,
			ENT.ENTRYGENERALIIIDESCINPUT AS PLAZO,
			ENT.ENTRYGENERALIVDESCINPUT AS DESC_MVTO_PAPEL,
			ENT.ENTRYGENERALVDESCINPUT AS NUM_DOC_ASEGURADO,
			ENT.ENTRYGENERALVIDESCINPUT AS NOMBRE_ASEGURADO,
			ENT.ENTRYGENERALVIIDESCINPUT AS DESC_CANAL,
			ENT.ENTRYGENERALVIIIDESCINPUT AS TIPO_CANAL,
			ENT.ENTRYGENERALIXDESCINPUT AS COD_CIUDAD,
			ENT.ENTRYGENERALXDESCINPUT AS PERIODICO,
			ENT.ENTRYGENERALXXIDESCINPUT AS FECHA_ACTUAL_EVENTO,
			ENT.ENTRYGENERALXXIIDESCINPUT AS PROX_FECHA_EVENTO,
			ENT.ENTRYGENERALXXIIIDESCINPUT AS FECHA_NOVEDAD,
			CVG.MAXINSUREDAMNTINPUT AS VALOR_ASEGURADO
		FROM ENTRY ENT
		INNER JOIN OPENITEM OP ON OP.OPENITEMID = ENT.ENTRYANALYSISVIIICODEINPUT
		INNER JOIN COVERAGEDCO CDCO ON CDCO.OPERATIONPK = OP.OPERATIONPK
		INNER JOIN CCOXTPCOVERAGE CVG ON CVG.PK = CDCO.DCOID
		INNER JOIN POLICYDCO PDCO ON PDCO.OPERATIONPK = OP.OPERATIONPK
		INNER JOIN AGREGATEDPOLICY AGP ON AGP.AGREGATEDPOLICYID =
		PDCO.AGREGATEDOBJECTID
		INNER JOIN AGREGATEDPOLICYTYPE AGPT ON AGPT.PRODUCTID = AGP.PRODUCTID
		INNER JOIN STPS_CONFROLETHIRDPARTY SCRTP ON SCRTP.CRTP_CONTAINERID =
		AGPT.AGREGATEDPOLICYID
		INNER JOIN CCOPTPTHIRDPARTY CCOPTP ON CCOPTP.STATIC = SCRTP.TPT_ID
			WHERE ENT.ENTRYACCOUNTGENRTNDATEINPUT = :date
			AND CCOPTP.STATIC = :socio
			AND ENT.ENTRYCALCULATEDMVTTYPEINPUT = 'D'
			AND ENT.ENTRYGENERALIVDESCINPUT = 'PRIMA_NETA'
			AND ENT.ENTRYJOURNALTYPECODEINPUT = 'EMIAR'
			AND OP.ROL_ID = '112'
			AND CVG.COVERBASICINDICINPUT = '1')
			
		SELECT COD_CUENTA,
		COD_SUN,
		FECHA_ACTUAL,
		COD_TIPO_MOV,
		NOMBRE_MOV,
		FECHA_ULTIMO_DIA_MES,
		FECHA_ENTRADA_MOV_CONT,
		TO_CHAR(SUM(PRIMA_NETA), '$999,999,999,999.999999999') AS PRIMA_NETA,
		TO_CHAR(PRIMA_BRUTA, '$999,999,999,999.999999999') AS PRIMA_BRUTA,
		INFO_MOV_CONT,
		MONEDA,
		NUM_POLIZA,
		TIPO_DIARIO,
		REFERENCIATRANSACCION,
		NUM_DOC_TERCERO,
		PERIODO_CONTABLE,
		MVTO_COD_CONT_PER_CON,
		CANT_DECIMALES,
		DIFERENCIACION_MONEDA,
		COLLECTOR,
		TRM,
		TASA_CONVERSION,
		DESC_DEF_CONTABLE,
		FECHA_INI_PER_CONTABLE,
		COD_CONTABLE,
		FECHA_FIN_PER_CONT,
		COD_SOCIO,
		DOCUMENTO,
		DESC_PER_CONT,
		OPENITEM,
		CAUSAL_NOVEDAD,
		PLAN_FIJO,
		DEF_EVENTO_ACSEL_E,
		PLN_OPTION,
		PLAZO,
		DESC_MVTO_PAPEL,
		NUM_DOC_ASEGURADO,
		NOMBRE_ASEGURADO,
		DESC_CANAL,
		TIPO_CANAL,
		COD_CIUDAD,
		PERIODICO,
		FECHA_ACTUAL_EVENTO,
		PROX_FECHA_EVENTO,
		FECHA_NOVEDAD,
		VALOR_ASEGURADO
	FROM REPORTE_A
	GROUP BY COD_CUENTA,
		COD_SUN,
		FECHA_ACTUAL,
		COD_TIPO_MOV,
		NOMBRE_MOV,
		FECHA_ULTIMO_DIA_MES,
		FECHA_ENTRADA_MOV_CONT,
		PRIMA_BRUTA,
		INFO_MOV_CONT,
		MONEDA,
		NUM_POLIZA,
		TIPO_DIARIO,
		REFERENCIATRANSACCION,
		NUM_DOC_TERCERO,
		PERIODO_CONTABLE,
		MVTO_COD_CONT_PER_CON,
		CANT_DECIMALES,
		DIFERENCIACION_MONEDA,
		COLLECTOR,
		TRM,
		TASA_CONVERSION,
		DESC_DEF_CONTABLE,
		FECHA_INI_PER_CONTABLE,
		COD_CONTABLE,
		FECHA_FIN_PER_CONT,
		COD_SOCIO,
		DOCUMENTO,
		DESC_PER_CONT,
		OPENITEM,
		CAUSAL_NOVEDAD,
		PLAN_FIJO,
		DEF_EVENTO_ACSEL_E,
		PLN_OPTION,
		PLAZO,
		DESC_MVTO_PAPEL,
		NUM_DOC_ASEGURADO,
		NOMBRE_ASEGURADO,
		DESC_CANAL,
		TIPO_CANAL,
		COD_CIUDAD,
		PERIODICO,
		FECHA_ACTUAL_EVENTO,
		PROX_FECHA_EVENTO,
		FECHA_NOVEDAD,
		VALOR_ASEGURADO
	ORDER BY NUM_POLIZA
		</value>
	</query>

	<persistence>
		<repository>STRP_ENTRY</repository>
	</persistence>
</report>