<?xml version="1.0" encoding="ISO-8859-1"?>

<report name="CAM_AFS_00001" description="01 Reporte Errores Emisiones" category="Reportes de Cargues">
		
	<provider name="pa.com.bnpparibas.cardif.reportweb.service.provider.fileProvider.ReporteArchivosRespuestaGlobalBank" />

	<in>
		<parameter name="id" type="TEXT" required="true" description="Id Upload : " />
	</in>

	<query>
		<value>
		SELECT
		(LTRIM(RTRIM(UPLD_OPR_COD))||';'||
		LTRIM(RTRIM(UPLD_PRD_COD))||';'||
		CASE NVL(UPLD_CRD_NBR,'0')
        	WHEN '0' THEN LTRIM(RTRIM(UPLD_AUX_FLD_26))
        	ELSE LTRIM(RTRIM(UPLD_CRD_NBR)) END ||';'||
		LTRIM(RTRIM(UPLD_AUX_FLD_01))||';'||
		LTRIM(RTRIM(UPLD_AUX_FLD_02))||';'||
		LTRIM(RTRIM(UPLD_AUX_FLD_03))||';'||
		LTRIM(RTRIM(UPLD_AUX_FLD_04))||';'||
		LTRIM(RTRIM(UPLD_AUX_FLD_05))||';'||
		LTRIM(RTRIM(UPLD_AUX_FLD_06))||';'||
		LTRIM(RTRIM(UPLD_AUX_FLD_07))||';'||
		LTRIM(RTRIM(UPLD_NME))||';'||
		LTRIM(RTRIM(UPLD_AUX_FLD_08))||';'||
		LTRIM(RTRIM(TO_CHAR(UPLD_BTH_DT, 'DDMMYYYY')))||';'||
		LTRIM(RTRIM(TO_CHAR(UPLD_EFF_DT, 'DDMMYYYY')))||';'||
		LTRIM(RTRIM(TO_CHAR(UPLD_EXP_DT, 'DDMMYYYY')))||';'||
		LTRIM(RTRIM(TO_CHAR(UPLD_TAX_VL)))||';'||
		LTRIM(RTRIM(TO_CHAR(UPLD_PRM_VL)))||';'||
		LTRIM(RTRIM(TO_CHAR(UPLD_AMT_INS_VL)))||';'||
		LTRIM(RTRIM(UPLD_AUX_FLD_23))||';'||
		LTRIM(RTRIM(TO_CHAR(UPLD_AMT_DBT)))||';'||
		LTRIM(RTRIM(TO_CHAR(UPLD_INT_VL)))||';'||
		LTRIM(RTRIM(TO_CHAR(UPLD_INT_QTY)))||';'||
		LTRIM(RTRIM(TO_CHAR(UPLD_INT_PND_QTY)))||';'||
		LTRIM(RTRIM(UPLD_CRD_TYP))||';'||
		LTRIM(RTRIM(UPLD_PKG_COD))||';'||
		LTRIM(RTRIM(UPLD_AUX_FLD_09))||';'||
		LTRIM(RTRIM(UPLD_MAIL))||';'||
		LTRIM(RTRIM(UPLD_GDR_COD))||';'||
		LTRIM(RTRIM(UPLD_AUX_FLD_10))||';'||
		LTRIM(RTRIM(UPLD_ZIP))||';'||
		LTRIM(RTRIM(UPLD_AUX_FLD_11))||';'||
		LTRIM(RTRIM(UPLD_AUX_FLD_12))||';'||
		LTRIM(RTRIM(UPLD_AUX_FLD_13))||';'||
		LTRIM(RTRIM(UPLD_AUX_FLD_14))||';'||
		LTRIM(RTRIM(UPLD_AUX_FLD_15))||';'||
		LTRIM(RTRIM(UPLD_AUX_FLD_16))||';'||
		LTRIM(RTRIM(UPLD_CTY))||';'||
		LTRIM(RTRIM(UPLD_AUX_FLD_17))||';'||
		LTRIM(RTRIM(UPLD_AUX_FLD_18))||';'||
		LTRIM(RTRIM(UPLD_AUX_FLD_19))||';'||
		LTRIM(RTRIM(UPLD_AUX_FLD_20))||';'||
		LTRIM(RTRIM(UPLD_AUX_FLD_21))||';'||
		LTRIM(RTRIM(UPLD_AUX_FLD_22))||';'||
		LTRIM(RTRIM(UPLD_AUX_FLD_24))||';'||
		LTRIM(RTRIM(UPLD_ERR_NME))) AS RESULTADO
		FROM UPLOAD.LIFE_UPL  A , UPLOAD.LIFE_FLE_PRC  B       
		WHERE A.FILEPRC_ID = :id
		AND UPLD_ERR_NME != 'Operacion procesada con exito'
		AND A.FILEPRC_ID = B.FILEPRC_ID
		</value>
	</query>
	
	<persistence>
		<repository>STRP_RESPONSEUPLOADS</repository>
	</persistence>
</report>