<?xml version="1.0" encoding="ISO-8859-1"?>

<report name="CAM_AFS_00002" description="02 Respuesta Novedades" category="Reportes de Cargues">

	<provider name="pa.com.bnpparibas.cardif.reportweb.service.provider.fileProvider.ReporteArchivosRespuestaGlobalBank" />

	<in>
		<parameter name="id" type="TEXT" required="true" description="Id Upload : " />
	</in>

	<query>
		<value>
		<![CDATA[
			SELECT 
				LTRIM(RTRIM(UPLD_PRD_COD)) ||';'||
				LTRIM(RTRIM(UPLD_AUX_FLD_02)) ||';'||
				LTRIM(RTRIM(UPLD_AUX_FLD_01)) ||';'||
				LTRIM(RTRIM(TO_CHAR(UPLD_EFF_DT, 'DDMMYYYY')))||';'||
				LTRIM(RTRIM(nvl(NVL(UPLD_CTR_PTN_NBR,UPLD_AUX_FLD_26),UPLD_CTR_PTN_NBR)))||';'||
				LTRIM(RTRIM(UPLD_AUX_FLD_03)) ||';'||
				case 
					when UPLD_PRD_COD like '55%' and UPLD_AUX_FLD_02='1' then '0'
					when UPLD_PRD_COD like '54%' and UPLD_AUX_FLD_02='1'  then '0'
					else nvl(to_char(TRUNC(op.AMOUNT,2)),'0')
				end  ||
				case 
					when UPLD_PRD_COD like '54%' then ';'
				else '' end  
			AS RESULTADO
			FROM UPLOAD.LIFE_UPL A 
				inner join BRAXTS_CFG.STPO_ASLPOLICYLOG stpo on stpo.ASL_PIMS_ID=A.UPLD_ID
				left join BRAXTS_CFG.openitem op on op.OPERATIONPK=stpo.ASLP_OPERATIONPK and op.ROL_ID=112
				WHERE A.FILEPRC_ID in (:id) and a.UPLD_ERR_NME='Operacion procesada con exito' and stpo.ASLP_ERRORMESSAGE like 'Policy % change was processed'
			UNION
			SELECT 
				LTRIM(RTRIM(UPLD_PRD_COD)) ||';'||
				LTRIM(RTRIM(UPLD_AUX_FLD_02)) ||';'||
				LTRIM(RTRIM(UPLD_AUX_FLD_01)) ||';'||
				LTRIM(RTRIM(TO_CHAR(UPLD_EFF_DT, 'DDMMYYYY')))||';'||
				LTRIM(RTRIM(nvl(NVL(UPLD_CTR_PTN_NBR,UPLD_AUX_FLD_26),UPLD_CTR_PTN_NBR)))||';'||
				LTRIM(RTRIM(UPLD_AUX_FLD_03)) ||';'||
				UPLD_ERR_NME||
				case 
				when UPLD_PRD_COD like '54%' then ';'
				else '' end 
			AS RESULTADO
			FROM UPLOAD.LIFE_UPL A 
				LEFT join BRAXTS_CFG.STPO_ASLPOLICYLOG stpo on stpo.ASL_PIMS_ID=A.UPLD_ID
				WHERE A.FILEPRC_ID in (:id) AND (a.UPLD_ERR_NME<>'Operacion procesada con exito' 
				OR a.UPLD_ERR_NME is null) AND (stpo.ASLP_ERRORMESSAGE not like 'Policy % change was processed' or stpo.ASLP_ERRORMESSAGE is null)]]>
		</value>
	</query>

	<persistence>
		<repository>STRP_RESPONSEUPLOADS</repository>
	</persistence>
</report>