<?xml version="1.0" encoding="ISO-8859-1"?>

<report name="COL_JOB_00005" description="Reporte de polizas falidas por job"
	category="Reportes de Jobs">

	<provider name="com.bnpparibas.cardif.reportweb.commons.service.provider.dbf.DbfProvider" />
	<provider name="com.bnpparibas.cardif.reportweb.commons.service.provider.file.DefaultFileReportProvider" />
	
	<in>
		<parameter name="idjob" type="TEXT" description="ID Job:" required="true" />
		<parameter name="reportType" type="LIST" required="true" description="Formato" provider="com.bnpparibas.cardif.reportweb.configuration.entity.parameter.provider.ReportTypeCollectionProvider" />
	</in>

	<query>
		<value>
		<![CDATA[
		WITH REPORTE_A AS (
			SELECT 
				JSP_ID JOBID,
				b.policy_number,  
				b.start_date BEGINEXEC,
			 	b.end_date	 ENDEXEC, 
			 	b.error_code,
				CASE JCONF.JCF_ID
					WHEN 85  THEN (select per.POLICYPRODUCTINPUT from  braxts_cfg.CCOXTPPeriodicPremGenrtn per where per.pk = japp.JSA_DCOID)
					WHEN 202 THEN (select REN.MASSIVEPRODUCTLISTNAMEINPUT from  braxts_cfg.CCOXTPMassiveAutoRnwal ren where ren.pk = japp.JSA_DCOID)
					WHEN 201 THEN (select clo.PLCYCLSEPRODACTVTYPEINPUT from  braxts_cfg.CCOXTPPolicyClosing clo where clo.pk = japp.JSA_DCOID)
				ELSE 'Not Categorized Job' 
				END PRODUCT_NAME,
				japp.JSA_DESCRIPTION, 
				SYSDATE EXTRACTIONDATE
			FROM BRAXTS_CFG.STJS_PROCESS A 
			INNER JOIN BRAXTS_CFG.STJS_JOBCONF JCONF ON JCONF.JCF_ID= A.JCF_ID
			inner join BRAXTS_CFG.STJS_APPOINTMENT japp on japp.JCF_ID = jconf.jcf_id and A.JSP_DCOID = japp.JSA_DCOID
			inner join BRAXTS_CFG.STJS_POLICY_LOG B on B.STJS_PROCESS_ID = A.JSP_ID AND ERROR_CODE NOT LIKE 'Policy Processed with Success%' 
			WHERE b.stjs_process_id=:idjob
			ORDER BY 1
		)
		SELECT JOBID,POLICY_NUMBER,BEGINEXEC,ENDEXEC,ERROR_CODE,PRODUCT_NAME,JSA_DESCRIPTION,EXTRACTIONDATE 
		FROM REPORTE_A
		GROUP BY JOBID,POLICY_NUMBER,BEGINEXEC,ENDEXEC,ERROR_CODE,PRODUCT_NAME,JSA_DESCRIPTION,EXTRACTIONDATE 
			]]>
		</value>
	</query>
	<persistence>
		<repository>strp_report_job_policy_err</repository>
	</persistence>
</report>