<?xml version="1.0" encoding="ISO-8859-1"?>

<report name="CAM_JOB_00002" description="Reporte de polizas por Renovar, que tengan fecha fin mayor que la fecha de ejecuci�n" category="Reportes de Jobs">

	<provider name="com.bnpparibas.cardif.reportweb.commons.service.provider.dbf.DbfProvider" />
	<provider name="com.bnpparibas.cardif.reportweb.commons.service.provider.file.DefaultFileReportProvider" />
	
	<in>
		<parameter name="producto" type="LIST" required="true" description="Producto" provider="com.bnpparibas.cardif.reportweb.configuration.entity.parameter.provider.ProductCollectionProvider" />
		<parameter name="reportType" type="LIST" required="true" description="Formato" provider="com.bnpparibas.cardif.reportweb.configuration.entity.parameter.provider.ReportTypeCollectionProvider" />
	</in>

	<query>
		<value>
		<![CDATA[
		WITH REPORTE_A AS (
			SELECT 
				COUNT(*) REPORTE_A,
				PRODUCT_NAME, 
				TO_CHAR(PDCO.FINISHDATE,'MM') RENEWINGMONTH, 
				TO_CHAR(PDCO.FINISHDATE,'YYYY')RENEWINGYEAR,
				PRODUCTLEGALREGSTRTNNBINPUT PRODUCT_CODE, 
				POL.POLICYRNWALFRQNCYTYPEINPUT RENEWINGFREQUENCY, 
				SYSDATE EXTRACTIONDATE
			FROM BRAXTS_CFG.AGREGATEDPOLICY AP
			INNER JOIN BRAXTS_CFG.POLICYDCO PDCO ON PDCO.OPERATIONPK = AP.OPERATIONPK
			INNER JOIN BRAXTS_CFG.CCOPTPPRODUCT PRD ON PRD.STATIC = AP.PRODUCTID
			INNER JOIN BRAXTS_CFG.CCOPTPPOLICY POL ON POL.PK = PDCO.DCOID AND POL.POLICYRENEWALINDICINPUT='Yes' AND POL.POLICYRNWALFRQNCYTYPEINPUT is not null
			WHERE AP.PRODUCTID = :producto
				AND PDCO.STATUS=2 AND PDCO.POLICY_STATE=8 AND PDCO.FINISHDATE >= SYSDATE
			GROUP BY PRODUCT_NAME, TO_CHAR(PDCO.FINISHDATE,'MM'), TO_CHAR(PDCO.FINISHDATE,'YYYY'),PRODUCTLEGALREGSTRTNNBINPUT, POL.POLICYRNWALFRQNCYTYPEINPUT
			)
		SELECT REPORTE_A,PRODUCT_NAME,RENEWINGMONTH,RENEWINGYEAR,PRODUCT_CODE,RENEWINGFREQUENCY,EXTRACTIONDATE 
		FROM REPORTE_A	
		group by REPORTE_A,PRODUCT_NAME,RENEWINGMONTH,RENEWINGYEAR,PRODUCT_CODE,RENEWINGFREQUENCY,EXTRACTIONDATE 
			]]>
		</value>
	</query>
	<persistence>
		<repository>strp_report_policy_to_renew</repository>
	</persistence>
</report>