<?xml version="1.0" encoding="ISO-8859-1"?>

<report name="CAM_AFS_00009" description="09 Asiento de Diario GLI" category="Reportes Socio Internos">
		
	<provider name="com.bnpparibas.cardif.reportweb.commons.service.provider.dbf.DbfProvider" />

	<in>
		<parameter name="date" valuePattern="dd/MM/yyyy" type="DATE" description="Fecha Fin de Mes" required="true" />
		<parameter name="producto" type="LIST" required="true" description="Producto" provider="com.bnpparibas.cardif.reportweb.configuration.entity.parameter.provider.ProductCollectionProvider" />
	</in>

	<query>
		<value>
			SELECT E.ENTRYACCOUNTNBINPUT AS CODIGO_DE_CUENTA, 
			  E.ENTRYACCOUNTINGMVTDATEINPUT AS PERIODO_CONTABLE,
			  SE.GFI_ID AS NUMERO_DE_DIARIO,
			  E.ENTRYJOURNALTYPECODEINPUT AS TIPO_DE_DIARIO, 
			  E.ENTRYANALYSISIICODEINPUT as PRODUCTO_CODIGO_DE_ANALISIS, 
			  SUM(NVL(EXP_TO_NUMBER(E.ENTRYACCOUNTMVTAMNTINPUT),0) *1) AS IMPORTE_DE_TRANSACCI�N,
			  E.ENTRYANALYSISIIICODEINPUT AS RAMO_CODIGO_DE_ANALISIS
			FROM ENTRY E 
			  INNER JOIN STEN_ENTRYBYFILE SE ON  E.PK = SE.EBF_ID
			  JOIN OPENITEM OP ON OP.OPENITEMID =	E.ENTRYANALYSISVIIICODEINPUT
      		  INNER JOIN CCOPTPPRODUCT PR ON PR.PRODUCTLEGALREGSTRTNNBINPUT =	E.ENTRYANALYSISIICODEINPUT
			WHERE E.ENTRYACCOUNTINGMVTDATEINPUT = :date
			AND PR.STATIC = :producto
			GROUP BY E.ENTRYACCOUNTNBINPUT, E.ENTRYACCOUNTINGMVTDATEINPUT, SE.GFI_ID, 
			  E.ENTRYJOURNALTYPECODEINPUT, E.ENTRYANALYSISIICODEINPUT, E.ENTRYANALYSISIIICODEINPUT
			ORDER BY SE.GFI_ID,
			  E.ENTRYACCOUNTNBINPUT,
			  E.ENTRYJOURNALTYPECODEINPUT,
			  E.ENTRYANALYSISIICODEINPUT,
			  E.ENTRYANALYSISIIICODEINPUT
		</value>
	</query>
	
	<persistence>
		<repository>STRP_ASIENTODIARIOGLI</repository>
	</persistence>
</report>