<?xml version="1.0" encoding="ISO-8859-1"?>

<report name="CAM_AFS_00005" description="05 Respuesta Emisiones" category="Reportes Socio Internos">
		
	<provider name="com.bnpparibas.cardif.reportweb.commons.service.provider.dbf.DbfProvider" />

	<in>
		<parameter name="id" type="TEXT" required="true" description="Id Upload : " />
	</in>

	<query>
		<value>
				SELECT
				UPLD_OPR_COD AS 	TIPO_MOVIMIENTO,           	
				UPLD_PRD_COD AS     CODIGO_PRODUCTO,				
				CASE NVL(UPLD_CRD_NBR,'0')
        			WHEN '0' THEN UPLD_AUX_FLD_26 
        			ELSE UPLD_CRD_NBR
        		END 			AS CODIGO_UNICO_PRODUCTO,
        		UPLD_AUX_FLD_01 AS  NUMERO_PRODUCTO,
				UPLD_AUX_FLD_02 AS  ID_CLIENTE,
				UPLD_AUX_FLD_03 AS  TIPO_DOCUMENTO,
				UPLD_AUX_FLD_04 AS  NUMERO_DOCUMENTO_IDENTIDAD,
				UPLD_AUX_FLD_05 AS  PRIMER_APELLIDO,
				UPLD_AUX_FLD_06 AS  SEGUNDO_APELLIDO,
				UPLD_AUX_FLD_07 AS  APELLIDO_CASADA,
				UPLD_NME AS         PRIMER_NOMBRE,
				UPLD_AUX_FLD_08 AS  SEGUNDO_NOMBRE,
				UPLD_BTH_DT AS      FECHA_NACIMIENTO,
				UPLD_EFF_DT AS      FECHA_INICIO_VIGENCIA,
				UPLD_EXP_DT AS      FECHA_FIN_VIGENCIA,
				UPLD_TAX_VL AS      PRIMA_BRUTA,
				UPLD_PRM_VL AS      PRIMA_NETA,
				UPLD_AMT_INS_VL AS  VALOR_ASEGURADO,
				UPLD_AUX_FLD_23 AS  FECHA_CONTABLE,
				UPLD_AMT_DBT AS     VALOR_CREDITO,
				UPLD_INT_VL AS      VALOR_CUOTA_CREDITO,
				UPLD_INT_QTY AS     PLAZO_CREDITO,
				UPLD_INT_PND_QTY AS PLAZO_SEGURO,
				UPLD_CRD_TYP AS     FRANQUICIA_TARJETA_CREDITO,
				UPLD_PKG_COD AS     CODIGO_PLAN,
				UPLD_AUX_FLD_09 AS  TIPO_PRIMA,
				UPLD_MAIL AS        EMAIL,
				UPLD_GDR_COD AS SEXO,
				UPLD_AUX_FLD_10 AS  DIRECCION_RESIDENCIA,
				UPLD_ZIP AS         CODIGO_CIUDAD_RESIDENCIA,
				UPLD_AUX_FLD_11 AS  CIUDAD_RESIDENCIA,
				UPLD_AUX_FLD_12 AS  TELEFONO,
				UPLD_AUX_FLD_13 AS  CELULAR,
				UPLD_AUX_FLD_14 AS  PROFESION,
				UPLD_AUX_FLD_15 AS  REGION,
				UPLD_AUX_FLD_16 AS  SUCURSAL,
				UPLD_CTY AS         CIUDAD,
				UPLD_AUX_FLD_17 AS  CANAL_DE_VENTA,
				UPLD_AUX_FLD_18 AS  OFICINA,
				UPLD_AUX_FLD_19 AS  NOMBRE_APELLIDO_ASESOR,
				UPLD_AUX_FLD_20 AS  DOCUMENTO_ASESOR,
				UPLD_AUX_FLD_21 AS  CODIGO_ASESOR,
				UPLD_AUX_FLD_22 AS  PAIS_ASEGURADO,
				UPLD_AUX_FLD_24 AS  NACIONALIDAD_ASEGURADO,				
				UPLD_ERR_NME AS RESULTADO
				FROM UPLOAD.LIFE_UPL  A , UPLOAD.LIFE_FLE_PRC  B       
				WHERE A.FILEPRC_ID = :id
				AND A.FILEPRC_ID = B.FILEPRC_ID
		</value>
	</query>
	
	<persistence>
		<repository>STRP_EMISIONESGI</repository>
	</persistence>
</report>