<?xml version="1.0" encoding="ISO-8859-1"?>

<report name="CAM_AFS_00022" description="22 P�lizas vigentes a la fecha" category="General">
		
	<provider name="com.bnpparibas.cardif.reportweb.commons.service.provider.dbf.DbfProvider" />
	<provider name="com.bnpparibas.cardif.reportweb.commons.service.provider.file.DefaultFileReportProvider" />
		
	<in>
		<parameter name="socio" type="LIST" required="true" description="Socio" provider="com.bnpparibas.cardif.reportweb.configuration.entity.parameter.provider.PartnerCollectionProvider" />
		<parameter name="reportType" type="LIST" required="true" description="Formato" provider="com.bnpparibas.cardif.reportweb.configuration.entity.parameter.provider.ReportTypeCollectionProvider" />
	</in>

	<query>
		<value>
			<![CDATA[
				WITH REPORTE_A AS (
				  select 1 as consecutivo,'POLIZA|ESTADO|PRODUCTO|FECHA_EJECUCION|INICIO_VIGENCIA|FIN_VIGENCIA|NOMBRE|DOCUMENTO|FEC_INI_ULTIMO_MOV|FEC_FIN_ULTIMO_MOV|VALOR_PRIMA_CON_IVA|VALOR_PRIMA_SIN_IVA|PLAN_NUM' as detalle
				  from dual
				  union all  
				  select rownum as consecutivo,POLIZA||'|'||ESTADO||'|'||PRODUCTO||'|'||FECHA_EJECUCION||'|'||INICIO_VIGENCIA||'|'||FIN_VIGENCIA||'|'||NOMBRE||'|'||DOCUMENTO||'|'||FEC_INI_ULTIMO_MOV||'|'||FEC_FIN_ULTIMO_MOV||'|'||VALOR_PRIMA_CON_IVA||'|'||VALOR_PRIMA_SIN_IVA||'|'||PLAN_NUM as detalle 
				  from ( 
				    SELECT /*+ PARALLEL(5) */ DISTINCT    
				      PDCO.POD_POLICYNUMBER AS POLIZA,     
				      case pdco.event     
				      when 'Activate policy subscription request after creation' then 'Emision'    
				      when 'Renew cover or policy' then 'Renovada'    
				      when 'Generate periodic premium billing' then 'Periodica' end     
				      AS ESTADO,     
				      CP.PRODUCTLEGALREGSTRTNNBINPUT AS PRODUCTO,     
				      TO_CHAR(PDCO.auditdate,'YYYY-MM-DD') AS FECHA_EJECUCION,     
				      TO_CHAR(PDCO.INITIALDATE,'YYYY-MM-DD') AS INICIO_VIGENCIA,     
				      TO_CHAR(PDCO.FINISHDATE,'YYYY-MM-DD') AS FIN_VIGENCIA,     
				      CCTHP3.THIRDPARTYFULLNAMEINPUT AS NOMBRE,     
				      CCTHP3.THIRDPARTYNBINPUT AS DOCUMENTO,     
				      TO_CHAR(CCPOL.POLLASTPREMBILLNGDATEINPUT,'YYYY-MM-DD') AS FEC_INI_ULTIMO_MOV,     
				      TO_CHAR(CCPOL.NEXTPREMIUMBILLINGDATEINPUT,'YYYY-MM-DD') AS FEC_FIN_ULTIMO_MOV,     
				      nvl(( case CCTHP2.STATIC WHEN 11135605 
				            THEN ( (select OP.AMOUNT from BRAXTS_CFG.OPENITEM OP where OP.OPERATIONPK = PDCO.OPERATIONPK AND OP.DTY_ID IN (513) ) /2) 
				            ELSE (select OP.AMOUNT from BRAXTS_CFG.OPENITEM OP where OP.OPERATIONPK = PDCO.OPERATIONPK AND OP.DTY_ID IN (513) ) 
				            END),0) AS VALOR_PRIMA_CON_IVA,
				      nvl(( CASE CCTHP2.STATIC WHEN 11135605 
				            THEN ( (select NT.AMMOUNT from BRAXTS_CFG.VW_TP_NETPREMIUMAMNT NT where NT.OPERATIONPK=AGP.OPERATIONPK ) /2) 
				            ELSE (select NT.AMMOUNT from BRAXTS_CFG.VW_TP_NETPREMIUMAMNT NT where NT.OPERATIONPK=AGP.OPERATIONPK ) 
				            END),0) AS VALOR_PRIMA_SIN_IVA,    
				      CCPOL.PLANOPTIONTYPEVALUE AS PLAN_NUM
				    FROM BRAXTS_CFG.AGREGATEDPOLICY AGP
				    INNER JOIN BRAXTS_CFG.CCOPTPPRODUCT CP ON CP.STATIC=agp.PRODUCTID    
				    INNER JOIN BRAXTS_CFG.POLICYDCO PDCO ON AGP.OPERATIONPK = PDCO.OPERATIONPK      
				    INNER JOIN BRAXTS_CFG.STATE ST ON ST.STATEID = PDCO.STATEID AND ST.DESCRIPTION = 'In force'     
				    INNER JOIN BRAXTS_CFG.CCOPTPPOLICY CCPOL ON CCPOL.PK = PDCO.DCOID     
				    INNER JOIN BRAXTS_CFG.EVENTDCO EVDCO ON EVDCO.OPERATIONPK = PDCO.OPERATIONPK     
				    INNER JOIN BRAXTS_CFG.EVENTTYPE EVTYPE ON EVTYPE.EVENTTYPEID = EVDCO.EVENTTYPEID          
				    INNER JOIN BRAXTS_CFG.AGREGATEDPOLICYTYPE AGPT ON AGPT.PRODUCTID = AGP.PRODUCTID     
				    INNER JOIN BRAXTS_CFG.STPS_CONFROLETHIRDPARTY SCRTP ON SCRTP.CRTP_CONTAINERID = AGPT.AGREGATEDPOLICYID     
				    INNER JOIN BRAXTS_CFG.PARTICIPATIONVERSION PV ON PV.AGREGATEDPARENTID = PDCO.AGREGATEDOBJECTID     
				    INNER JOIN BRAXTS_CFG.PARTICIPATIONVERSIONINSURANCE PVI ON PVI.OPERATIONPK = PDCO.OPERATIONPK     
				    INNER JOIN BRAXTS_CFG.CCOPTPTHIRDPARTY CCTHP ON CCTHP.STATIC = PV.THIRDPARTYID     
				    INNER JOIN BRAXTS_CFG.CCOPTPTHIRDPARTY CCTHP3 ON CCTHP3.STATIC = PVI.THIRDPARTYID     
				    INNER JOIN BRAXTS_CFG.CCOPTPTHIRDPARTY CCTHP2 ON CCTHP2.STATIC = SCRTP.TPT_ID     
				    WHERE CCTHP2.STATIC = :socio      
				      and pdco.status=2 
				      and  (upper(PDCO.POD_POLICYNUMBER) not like '%INC' or upper(PDCO.POD_POLICYNUMBER) not like '%ERR') 
				    ORDER BY PRODUCTO, ESTADO, INICIO_VIGENCIA, POLIZA
				  )
				)SELECT detalle
				FROM REPORTE_A
				order by consecutivo desc
			]]>
		</value>
	</query>

	<persistence>
		<repository>STRP_VIGENCIA_FECHA_FILLER</repository>
	</persistence>
</report>